product_title,final_price
"Nôi Võng tự động cho bé 2 trong 1 VINANOI - NV80X khung võng xếp người lớn, lòng nôi màu xanh",1.489.000đ
Nôi mây cho bé nằm võng - Tặng 01 chiếu lót nôi,195.000đ
Nôi điện Đại Vĩ cho bé loại có điện 2 in 1,779.000đ
Nôi Nhún Cho Bé Tặng Kèm Mùng Che,590.000đ
Nôi mây đan thoáng mát giúp chống cong lưng cho bé khi nằm võng,180.000đ
Ghế Rung Trẻ Em Joie Dreamer Petite City,1.780.000đ
Hộp máy nôi sắt tự động Autoru v894,340.000đ
Nôi điện Đại Vĩ cho bé loại có điện 2 in 1,779.000đ
Nôi ngủ chung giường cao cấp cho bé có phát nhạc,330.000đ
NÔI TRE CHO BÉ,245.000đ
Nôi điện Khánh Ngọc loại có điện 2 in 1,799.999đ
Nôi Điện Bằng Gỗ 4 Chức Năng: Giường - Nôi - Củi - Võng,1.950.000đ
Nôi Autoru-Eco 18,940.000đ
Nôi đại vỹ ko có điện giao màu ngẫu nhiên,689.000đ
Ghế rung cao cấp cho bé gập gọn có nhạc Mastela 6917 - Màu hồng,830.000đ
COMBO NÔI TRE TẤM LÓT CHO BÉ,280.000đ
"Nôi Đưa Tự Động, Nôi Em Bé, Ghế Nằm Size Vừa - Màu Be",1.085.000đ
COMBO NÔI TRE CHIẾU CÓI CHO BÉ,280.000đ
Nôi Nhún Kèm Vải Mùng Trùm Nôi Cho Bé ,690.000đ
Nôi rung trẻ em Ingenuity rung và đung đưa tự động thương hiệu Mỹ (xám),2.999.000đ
Nôi Rung Kiêm Ghế Bập Bênh 5 Trong 1 Mastela 6033 - Ghi Xanh,1.449.000đ
Bộ đổi điện AC-DC cho nôi - võng Autoru V827,195.000đ
Nôi điện Sbaby ND16,1.090.000đ
COMBO NÔI TRE NỆM COTTON CHO BÉ,410.000đ
Nôi điện tự động cho bé VINANOI VNN201 - Gỗ thông màu tự nhiên,3.090.000đ
Nôi điện tự động cao cấp cho bé,1.890.000đ
Nôi Võng tự động cho bé 2 trong 1 VINANOI - NV20,989.000đ
Nôi Nhún Cỡ Đại Tiện Lợi Cho Bé (Giao mẫu ngẫu nhiên),939.000đ
Nôi Võng tự động cho bé 2 trong 1 VINANOI - NV35X lồng nôi màu xanh,1.489.000đ
Nôi Rung Kiêm Ghế Bập Bênh 5 Trong 1 Mastela 6033 - Ghi Hồng,1.469.000đ
Nôi Võng tự động cho bé 2 trong 1 VINANOI - NV25,1.299.000đ
NÔI TRE CHO  BÉ - HÌNH CHỮ NHẬT,200.000đ
Nôi trẻ em,1.990.000đ
NÔI võng điện Sbaby  3 in 1 - NV14 (sức đưa từ 3 đến 80 kg ),1.500.000đ
NÔI ĐƯA TỰ ĐỘNG AUTORU-Eco 18 - AUE-AC18,1.090.000đ
Nôi Ngủ Chung Giường Summer Infant SM91310,1.693.000đ
Nôi võng điện Sbaby NV14,1.550.000đ
Nôi điện đưa tự động Mastela - Tặng Thước Đo Chiều Cao Và Mũ Tắm,1.990.000đ
NÔI TRE CHỮ NHẬT + TẤM LÓT  CHO BÉ,200.000đ
Nôi rung trẻ em Ingenuity rung và đung đưa tự động thương hiệu Mỹ,2.990.000đ
Xích Đu Nhún Nhảy KG101 - Khung Trắng,699.000đ
Nôi Đưa Trẻ Em Joie Serina 2in1 In The Rain,4.229.000đ
Nôi điện loại có điện 2 in 1,850.000đ
Ghế rung có nhạc và thanh đồ chơi vận động (Màu hồng),980.000đ
NÔI ĐƯA TỰ ĐỘNG AUTORU-Eco 22 - AUE-AC22,1.390.000đ
"Ghế Rung, Bập Bênh Nằm Chơi Trẻ Em 2 Vị Trí Ngả Có Nhạc Mastela 6910",1.198.000đ
Xích Đu Nằm Chơi Trẻ Em Mastela 6519 - Hồng,1.670.000đ
Ghế rung bập bênh 2 trong 1 có nhạc Mastela 6922 - Xanh dương,840.000đ
product_title,final_price
"Nôi Võng tự động cho bé 2 trong 1 VINANOI - NV80X khung võng xếp người lớn, lòng nôi màu xanh",1.489.000đ
Nôi mây cho bé nằm võng - Tặng 01 chiếu lót nôi,195.000đ
Nôi điện Đại Vĩ cho bé loại có điện 2 in 1,779.000đ
Nôi Nhún Cho Bé Tặng Kèm Mùng Che,590.000đ
Nôi mây đan thoáng mát giúp chống cong lưng cho bé khi nằm võng,180.000đ
Ghế Rung Trẻ Em Joie Dreamer Petite City,1.780.000đ
Hộp máy nôi sắt tự động Autoru v894,340.000đ
Nôi điện Đại Vĩ cho bé loại có điện 2 in 1,779.000đ
Nôi ngủ chung giường cao cấp cho bé có phát nhạc,330.000đ
NÔI TRE CHO BÉ,245.000đ
Nôi điện Khánh Ngọc loại có điện 2 in 1,799.999đ
Nôi Điện Bằng Gỗ 4 Chức Năng: Giường - Nôi - Củi - Võng,1.950.000đ
Nôi Autoru-Eco 18,940.000đ
Nôi đại vỹ ko có điện giao màu ngẫu nhiên,689.000đ
Ghế rung cao cấp cho bé gập gọn có nhạc Mastela 6917 - Màu hồng,830.000đ
COMBO NÔI TRE TẤM LÓT CHO BÉ,280.000đ
"Nôi Đưa Tự Động, Nôi Em Bé, Ghế Nằm Size Vừa - Màu Be",1.085.000đ
COMBO NÔI TRE CHIẾU CÓI CHO BÉ,280.000đ
Nôi Nhún Kèm Vải Mùng Trùm Nôi Cho Bé ,690.000đ
Nôi rung trẻ em Ingenuity rung và đung đưa tự động thương hiệu Mỹ (xám),2.999.000đ
Nôi Rung Kiêm Ghế Bập Bênh 5 Trong 1 Mastela 6033 - Ghi Xanh,1.449.000đ
Bộ đổi điện AC-DC cho nôi - võng Autoru V827,195.000đ
Nôi điện Sbaby ND16,1.090.000đ
COMBO NÔI TRE NỆM COTTON CHO BÉ,410.000đ
Nôi điện tự động cho bé VINANOI VNN201 - Gỗ thông màu tự nhiên,3.090.000đ
Nôi điện tự động cao cấp cho bé,1.890.000đ
Nôi Võng tự động cho bé 2 trong 1 VINANOI - NV20,989.000đ
Nôi Nhún Cỡ Đại Tiện Lợi Cho Bé (Giao mẫu ngẫu nhiên),939.000đ
Nôi Võng tự động cho bé 2 trong 1 VINANOI - NV35X lồng nôi màu xanh,1.489.000đ
Nôi Rung Kiêm Ghế Bập Bênh 5 Trong 1 Mastela 6033 - Ghi Hồng,1.469.000đ
Nôi Võng tự động cho bé 2 trong 1 VINANOI - NV25,1.299.000đ
NÔI TRE CHO  BÉ - HÌNH CHỮ NHẬT,200.000đ
Nôi trẻ em,1.990.000đ
NÔI võng điện Sbaby  3 in 1 - NV14 (sức đưa từ 3 đến 80 kg ),1.500.000đ
NÔI ĐƯA TỰ ĐỘNG AUTORU-Eco 18 - AUE-AC18,1.090.000đ
Nôi Ngủ Chung Giường Summer Infant SM91310,1.693.000đ
Nôi võng điện Sbaby NV14,1.550.000đ
Nôi điện đưa tự động Mastela - Tặng Thước Đo Chiều Cao Và Mũ Tắm,1.990.000đ
NÔI TRE CHỮ NHẬT + TẤM LÓT  CHO BÉ,200.000đ
Nôi rung trẻ em Ingenuity rung và đung đưa tự động thương hiệu Mỹ,2.990.000đ
Xích Đu Nhún Nhảy KG101 - Khung Trắng,699.000đ
Nôi Đưa Trẻ Em Joie Serina 2in1 In The Rain,4.229.000đ
Nôi điện loại có điện 2 in 1,850.000đ
Ghế rung có nhạc và thanh đồ chơi vận động (Màu hồng),980.000đ
NÔI ĐƯA TỰ ĐỘNG AUTORU-Eco 22 - AUE-AC22,1.390.000đ
"Ghế Rung, Bập Bênh Nằm Chơi Trẻ Em 2 Vị Trí Ngả Có Nhạc Mastela 6910",1.198.000đ
Xích Đu Nằm Chơi Trẻ Em Mastela 6519 - Hồng,1.670.000đ
Ghế rung bập bênh 2 trong 1 có nhạc Mastela 6922 - Xanh dương,840.000đ
