name,price,shop_name,shop_owner
Táº¥m lÃ³t Ä‘iá»u hÃ²a - Äá»‡m gel mÃ¡t thoÃ¡ng khÃ­ cho xe Ä‘áº©y táº¡o cáº£m giÃ¡c dá»… chá»‹u vÃ  thoáº£i mÃ¡i khi tráº» náº±m (Giao máº«u ngáº«u nhiÃªn),650000.0,Guty Home,gutyhome
"[Trá»£ giÃ¡] Xe Ä‘áº©y du lá»‹ch QT605 cÃ³ mÃ¡i che, báº£o hiá»ƒm, phanh chÃ¢n, gáº¥p gá»n",180000.0,SiÃªu thá»‹ 24h Online,sieu_thi_24h
XE Äáº¨Y CHO BÃ‰ 3 TÆ¯ THáº¾ A67,389000.0,Äá»’ CHÆ I SIÃŠU TIá»†N ÃCH,giadungxinh
Xe Ä‘áº©y gáº¥p gá»n siÃªu nháº¹ nhiá»u tÆ° tháº¿ Seebaby QQ3 - lÆ°ng náº±m báº±ng lÆ°á»›i - PhiÃªn báº£n 4/2019 (Q6) Báº¢O HÃ€NH 1 NÄ‚M,765000.0,Megakids Vietnam,megakids
"XE Äáº¨Y 2 CHIá»€U 3 TÆ¯ THáº¾ A6 CHÃNH HÃƒNG WISESONLE,",950000.0,Shop_Ba&Máº¹_ThÃ´ngThÃ¡i,eliquang89
Xe nÃ´i xe Ä‘áº©y em bÃ© Haowei T501 báº£n cao cáº¥p cÃ³ thá»ƒ gáº¥p xÃ¡ch tay cho bÃ© 6 thÃ¡ng - 3 tuá»•i -AL,599000.0,Mega Plaza,megaplaza_1
XE Äáº¨Y 2 CHIá»€U 3 TÆ¯ THáº¾ MÃ€U XANH Cá»M,550000.0,Äá»’ CHÆ I 2018,dochoi2018
XE Äáº¨Y CAO Cáº¤P AP115 MÃ€U Äá» CHO BÃ‰,580000.0,SHOP NINH THá»ŠNH- SHOP Äá»’ CHÆ I,shopninhthinh
Xe Ä‘áº©y tráº» em Mastela A2 - ChÃ­nh hÃ£ng,990000.0,NAM THÃ€NH BABY,chuyen_si_do_so_sinh
"[FREESHIP] NÃ´i ru bÃ© ngá»§ V-Baby P3 ( kÃ¨m hÃ¬nh tháº­t, táº·ng chiáº¿u )",925000.0,V-Baby Care,vbaby.care
XE Äáº¨Y 2 CHIá»€U BELECOO,2590000.0,Joha shop,khanhvanpham
[Freeship] Xe Ä‘áº©y hai chiá»u cho bÃ© 3 tÆ° tháº¿ Cao cáº¥p (cÃ³ nháº¡c),280000.0,Shop Con CÆ°ng 1,shop_con_cung
Xe Ä‘áº©y V3 loáº¡i tá»‘t- chuáº©n loáº¡i 1. Báº£o hÃ nh 1 nÄƒm,749000.0,meogrammm,meogrammm
Tay vá»‹n xe Ä‘áº©y Vovo 2 chiá»u,250000.0,SHOPMáº¸TÃ”M,huyennhim89
Gháº¿ rung nhÃºn Cao cáº¥p táº·ng kÃ¨m Ä‘á»“ chÆ¡i cho bÃ©,229000.0,Tá»”NG KHO BUÃ”N - GIÃ Láºº,tongkhobuongiale
Xe Ä‘áº©y hai chiá»u cao cáº¥p - xeÄ‘áº©y cho bÃ©,699000.0,nguyá»…n hÆ°á»ng,bikininew
XE Äáº¨Y Gáº¤P Gá»ŒN SIÃŠU NHáº¸ CHO BÃ‰,480000.0,Moony-Yiying-Goldgi-Yubest,beyeu81
Xe Ä‘áº©y 2 chiá»u 3 tÆ° tháº¿ TH109,555000.0,BÃ¡n buÃ´n xe tráº» em,banbuon_xetreem
(GIáº¢M 30K- NHáº¬P MÃƒ MKBCMEBE10) Xe Äáº©y Du Lá»‹ch MÃ¹a HÃ¨ Cho BÃ©,570000.0,Thanh cháº¯n giÆ°á»ng cho bÃ©,baochau2711
Xe Äáº©y 3 BÃ¡nh Cho BÃ© CÃ³ MÃ¡i Che - HÃ ng Cao Cáº¥p,479000.0,tuoithobencon.vn,dungk10
[FreeShip-Máº¹ vÃ  BÃ‰] Xe Äáº¡p Äa NÄƒng Cho BÃ© CÃ³ MÃ¡i Che,768000.0,susu kids-baby,dobangduoc..
NÃ´i tre Loáº¡i 1 Ä‘á»§ 6 Size (Táº·ng vÃ²ng DÃ¢u Táº±m),60000.0,Sosinhmebe,giaplx
(Ráºº NHáº¤T-Sáº´N HÃ€NG) Xe Äáº©y Äáº£o Chiá»u V5 BaoBaoHao Máº«u Má»›i 2020,795000.0,shoplinhmi,shoplinhmi
Xe Ä‘áº©y Handy S ( CHá»NG GÃ™ ) Combi,5300000.0,Beeshop,mebecaocap_chinhhang
Xe Äáº©y CÃ¡ Máº­p SiÃªu Gáº¥p Gá»n - MÃ£ SC968,489000.0,Máº¹ Tráº» Con,linhsoi93
Xe Ä‘áº©y du lá»‹ch siÃªu nháº¹ Cosco Ocean Blue,803600.0,KIDSKIDS Official Store,kidskidsvietnam
Xe Ä‘áº©y gáº¥p gá»n cao cáº¥p B- Beko (Xe Ä‘áº©y Anh),1850000.0,Gáº¥u & BÃ­ NgÃ´ ,shopgaubingo
GiÆ°á»ng cÅ©i Ä‘a nÄƒng kt 1m6x80 kÃ¨m quÃ¢y ná»‡m,1287000.0,MeculaBaby,meculabamboo
NÃ´i sÆ¡ sinh Runakids hÃ¬nh vÆ°Æ¡ng miá»‡ng,380000.0,Runakids,runakids
V3 - V5 chiÌnh haÌƒng Xe Ä‘áº©y 2 chiá»u gÃ¢Ìp goÌ£n baobaohao only V3 cÃ³ Ä‘á»‡m,760000.0,568shop,568shop
Xe nÃ´i xe Ä‘áº©y em bÃ© Haowei T501 báº£n cao cáº¥p cÃ³ thá»ƒ gáº¥p xÃ¡ch tay cho bÃ© 6 thÃ¡ng - 3 tuá»•i -AL,620000.0,domini.kids,domini.kids
"[GiÃ¡ sá»‰] Xe Ä‘áº©y 1 chiá»u 3 tÆ° tháº¿ hÃ¬nh máº·t cÆ°á»i máº«u má»›i 2020 (CÃ³ mÃ¡i che, giá» Ä‘á»“, phanh chÃ¢n)",250000.0,Chá»£ Tá»‘t Viá»‡t TrÃ¬,cho_tot_viet_tri
XE Äáº¨Y CAO Cáº¤P TRIKE BA BÃNH 2 TRONG 1,459000.0,Xechobehungcuong,xechobehungcuong
Xe Ä‘áº©y lÆ°á»›i du lá»‹ch Kinlee (nhiá»u mÃ u),545000.0,forbabyshop,forbabyshop
"XE Äáº¨Y CHO BÃ‰ CAO Cáº¤P Gáº¤P Gá»ŒN ( táº·ng mÃ n chá»‘ng muá»—i, Ä‘á»‡m vÃ  chiáº¿u Ä‘iá»u hoÃ )",890000.0,SHOP Máº¸ VÃ€ BÃ‰ (Ä‘á»“ dÃ¹ng Äƒn dáº·m),gun1507
MÃ¡y Ä‘Æ°a vÃµng tá»± Ä‘á»™ng FJMDV01,340000.0,SIÃŠU THá»Š Äá»’NG GIÃ,shopminhsan
Sá»‰ xe Ä‘áº©y cÃ³ mÃ¡i che cao cáº¥p máº«u má»›i,250000.0,shop_tramxinh,shop_tramxinh
Xe Ä‘áº©y nÃ´i cao cáº¥p 2 chiá»u cho bÃ©,1880000.0,xe Ä‘áº©y cho bÃ©,shopmexoai
"Xe Ä‘áº©y Mamago Compact 319 mÃ u Ä‘en, Compact 319 Linen Premium xanh, Ä‘á»",1890000.0,Shop Diá»‡p Anh,hoa0405
XE Äáº¨Y 1 CHIá»€U Gáº¤P Gá»ŒN VOVO TRAVEL - CHÃNH HÃƒNG Báº¢O HÃ€NH 12 THÃNG,1330000.0,banbuondososinh1,banbuondososinh1
Xe Ä‘áº©y Ä‘i dáº¡o cao cáº¥p tay Ä‘áº©y 2 chiá»u Baobaohao Only V3 cÃ³ Ä‘á»‡m vÃ  mÃ¡i che,945000.0,"XE Äáº¨Y,GHáº¾ Ä‚N,Äá»’ DÃ™NG CHO BÃ‰",xedodungchobe
Xe Ä‘áº©y 2 chiá»u cho bÃ© Mamago Compact 319 Linen Premium (táº·ng kÃ¨m quÃ ),1959800.0,BabyStoreHB,babystorehb
Xe Ä‘áº©y tráº» em Baobaohao 722C,300000.0,Sáº£n Pháº©m Máº¹ VÃ  BÃ©,sanphammevabe.vn
[CÃ³ sáºµn] Xe Ä‘áº©y Vovo hai chiá»u ba tÆ° tháº¿ chÃ­nh hÃ£ng,1440000.0,kiddyplaza,kiddyplaza
XE Äáº¨Y SIÃŠU NHáº¸ MÃI TRÃ’N 1 Máº¦U ÄA TÆ¯ THáº¾,360000.0,kho sá»‰ phÆ°Æ¡ng tá»›i,khosiphuongtoi
Xe Ä‘áº©y Ä‘Ã´i cáº£i tiáº¿n gháº¿ trÆ°á»›c sau siÃªu gáº¥p gá»n thÃ´ng minh cho bÃ© baobaohao 705,1299000.0,ShopMit_baby,mit_baby
XE Äáº¨Y 2 CHIá»€U VOVO- NHáº¬P KHáº¨U CHÃNH HÃƒNG 2020,1500000.0,Shopmamakids_vn,shopmamakids_vn
XE Äáº¨Y VOVO Gáº¤P Gá»ŒN DU Lá»ŠCH - HÃ€NG CHÃNH HÃƒNG,1349000.0,Bonbon mart,pham_tuoi.9
Xe Ä‘áº©y Tianrui A10 nhiá»u mÃ u,1500000.0,babysmile68,babysmile68
XE Äáº¨Y CAO Cáº¤P ALY120 NHáº¬P KHáº¨U,589000.0,PHÃ‚N PHá»I Sá»ˆ Láºº GIÃ SIÃŠU Ráºº,phanphoisilegiasieure
XE Äáº¨Y 2 CHIá»€U 3 TÆ¯ THáº¾  XÄ702,850000.0,Kidscity,kidscity
Xe Ä‘áº©y Combi Mechacal Handy S,5360000.0,Smartkids ,smartkidvn
Xe Äáº©y Belecoo A8-1 2 Chiá»u 3 TÆ° Tháº¿ Cao Cáº¥p Cho BÃ© (Xe Äáº©y Belecoo),1550000.0,haobaby2018,haobaby2018
Xe Ä‘áº©y Ä‘i bá»™ cho bÃ© 2 chiá»u 3 tÆ° tháº¿ Baobaohao 709N cÃ³ bÃ n nháº¡c (Xanh-Äá»),950000.0,Ná»’I CHIÃŠN KHÃ”NG Dáº¦U CHÃNH HÃƒNG,cocatiendung
[Trá»£ giÃ¡]Xe Ä‘áº©y mÃ¢y gáº¥p gá»n cho bÃ©,149000.0,shop_thuhang123,shop_thuhang123
Xe Ä‘áº©y Ä‘i dáº¡o cao cáº¥p 2 chiá»u Baobaohao V3 / V1,735000.0,Shop HÃ¢n HÃ¢n Babi,comngoan3103
Xe Äáº©y 1 CHiá»u 3 tÆ° tháº¿ mÃ¹a hÃ¨ cho tráº»,568000.0,nhym666,nhym666
Xe Ä‘áº©y gáº¥p gá»n xoay chiá»u Baobaohao V5,1099000.0,SKids - SiÃªu thá»‹ máº¹ & bÃ©,shopmesoc.
(BÃN Sá»ˆ) Xe Äáº¨Y 2 Chiá»u Gáº¥p Gá»n 4 BÃ¡nh Cho BÃ© Ra NgoÃ i CÃ³ LÃ² Xo Giáº£m SÃ³c [HÃ ng Loáº¡i 1],549000.0,Tá»•ng Kho Sá»‰ Gia Dá»¥ng Máº¹ VÃ  BÃ© ,maianh06
Xe Ä‘áº©y nÃ´i cao cáº¥p Belecoo cho bÃ© yÃªu,2050000.0,SHOP MEÌ£ NHIÌM,ngocdiep181013
Xe Äáº©y Tráº» Em Baobaohao 722C,455000.0,BÃ¡n BuÃ´n Äá»“ ChÆ¡i Tráº» Em,0986_05_06_91
"XE Äáº¨Y Gáº¤P Gá»ŒN cho bÃ© Ä‘i dáº¡o, Ä‘i chÆ¡i kháº¯p nÆ¡i [ Báº£o HÃ nh 12 ThÃ¡ng ]",429000.0,Tre Viá»‡t Shop,nguyenhaitien1993
"xe Ä‘áº©y Baobaohao V3 cÃ³ Ä‘á»‡m, mÃ¡i che",960000.0,SHOPMEVABE HATO,phuonghuy82
XE Äáº¨Y DU Lá»ŠCH SIÃŠU Gáº¤P Gá»ŒN VING,2090000.0,SamBabykids,sambabykids
Xe Ä‘áº©y du lá»‹ch mÃ¡i che con cÃº (cÃ³ ngáº£),630434.0,QuÃ¢n Quang Baby Shop,hotro.dodungtreem1
"Xe Ä‘áº©y 3 bÃ¡nh cÃ³ mÃ¡i che, cÃ³ thá»ƒ lÃ m xe Ä‘áº¡n cho bÃ©",430000.0,SiÃªu thá»‹ 24h PhÃº Thá»,thuytramna
Xe Ä‘áº©y Baobaohao V1 / V2/ V3 máº«u má»›i 2019,350000.0,thegioimevabe468,thegioimevabe468
"[Sáºµn - Freeship] Xe Ä‘áº©y gáº¥p gá»n siÃªu nháº¹, tiá»‡n lá»£i khi mang Ä‘i du lá»‹ch",789000.0,Cá»­a hÃ ng nhÃ  Pi,tuananh.993
xe Ä‘áº©y cho bÃ© Gáº¤P Gá»ŒN SIÃŠU NHáº¸ - xeÄ‘áº©y cho bÃ©,499000.0,giaynammoi,giaynammoi
"Xe Ä‘áº©y 5 bÃ¡nh Ä‘i siÃªu thá»‹ cho bÃ©, hÃ ng loáº¡i 1 tay cong, cÃ³ Ä‘Ã¨n, bÃ¡nh xe phÃ¡t sÃ¡ngl0",300000.0,Shop Máº¹ vÃ  BÃ© Báº¢O THANH,daominhbao2015
XE ÄÃ‚Ì‰Y 5 BAÌNH GÃ‚ÌP GOÌ£N THÃ”NG MINH DÃ€NH CHO BÃ‰ ğŸ€,280000.0,TÃ”Ì‰NG KHO SIÌ‰ GIA DUÌ£NG,tongkhosigiadung
VOVO Xe Ä‘áº©y 2 chiá»u 3 tÆ° tháº¿ HCM,1499000.0,pasatran,pasatran
Xe Ä‘áº©y du lá»‹ch Seebaby QQ2 siÃªu nháº¹ gáº¥p gá»n (lÆ°ng náº±m lÆ°á»›i),625000.0,EZ BABY1,xeday_gheanchobe
Äá»‡m ngá»“i Ä‘á»ƒ xe Ä‘áº©y tráº» em,39000.0,I LOVE DADDY&MUMMY,huixinplus.vn
XE ÄÃ‚Ì‰Y WISESOLE 2 CHIÃŠÌ€U 3 TÆ¯ THÃŠ ( INBOX CHOÌ£N MAÌ€U ),1100000.0,kenhonline,kenhonline
XE Äáº¨Y 2 CHIá»€U 3 TÆ¯ THáº¾ MÃ€U XANH DÆ¯Æ NG HT43,550000.0,SIÃŠU THá»Š Äá»’ CHÆ I,shopsieuthidochoi
keo dÃ¡n  gá»— tite bond,85000.0,Minh quÃ¢n Äá»“ gia dá»¥ng,dogiadung123_123
Xe Ä‘áº©y 2 chiá»u 3 tÆ° tháº¿ cho bÃ© QD109,560000.0,tombaby206,titimartyb
Xe Ä‘áº©y belecoo cao cáº¥p 2 chiá»u cÃ³ giáº£m xÃ³c cho bÃ© yÃªu. Gá»i Shop Ä‘á»ƒ giáº£m phÃ­ vc,1780000.0,jpnhungmoon,jpnhungmoon
Xe Ä‘áº©y lÆ°á»›i cho bÃ©...mÃ u sáº¯c láº¡i cháº¯c cháº¯n.  CÃ³ 2 cháº¿ Ä‘á»™ náº±m vÃ  ngá»“i giÃºp con yÃªu thoáº£i mÃ¡i. Xe Ä‘áº£y giÃºp cÃ¡c máº¹ Ä‘Æ°a tráº».,378000.0,uytienben,uytienben
kem dÆ°á»¡ng áº©m The Ordinary Natural Moisturizing Factors + HA,170000.0,ngocluynh313,ngocluynh313
[CÃ³ Sáºµn]Ã” DÃ¹ láº¯p ghÃ©p vÃ o táº¥t cáº£ cÃ¡c loáº¡i xe Ä‘áº©y cho cÃ¡c bÃ©,200000.0,Kho Sá»‰ Xe Äáº©y Du Lá»‹ch DELAMA,nkd1101
Kem DÆ°á»¡ng áº¨m The Ordinary Natural Moisturizing Factors + HA,350000.0,Gracy Beauty,gracybeauty
Kem dÆ°á»¡ng áº©m The Ordinary natural moisturizing Factors+ HA 100ml,260000.0,Vy HÃ­ Beauty Store,vyvyhihi
Äá»©c-Kem Natural Moisturising Factors dÆ°á»¡ng da The Ordinary dÆ°á»¡ng áº©m,179000.0,Hiá»n MÃ­t,thuchien93
Kem dÆ°á»¡ng áº©m THE ORDINARY NATURAL MOISTURIZING FACTORS + HA,250000.0,xxlipstickstore,xxlipstickstore
Kem dÆ°á»¡ng áº©m The Ordinary Natural Moisturizing Factors + HA,280000.0,Linary1994,linlinary1994
Kem dÆ°á»¡ng áº©m The Ordinary Natural Moisturising Factors + HA,49000.0,tstore6868,tstore6868
Kem DÆ°á»¡ng áº¨m The Ordinary Natural Moisturizing Factors + HA 30ml,200000.0,Thi VuÌƒ Corner,dujourland1991
Kem dÆ°á»¡ng áº©m The Ordinary Natural Moisturizing Factors  + HA,199000.0,Má»™cK-Shop,mocmien1199
Kem dÆ°á»¡ng áº©m NMF The Ordinary Natural Moisturizing Factors + HA,190000.0,SkinCa Skincares from Canada,erosievn
[ZONE 22] Kem dÆ°á»¡ng áº©m The Ordinary - Natural Moisturizing Factor,250000.0,Zone 22,22.zonesgroup
Kem dÆ°á»¡ng áº©m da The Ordinary Natural Moisturizing Factors + HA (NMF),240000.0,Czechstore,byghost94
kem DÆ°á»¡ng áº¨m Tá»± NhiÃªn The Ordinary Natural Moisturizing Factors + HA 100ml,285000.0,UKmart - HÃ ng Anh giÃ¡ sá»‰,ukmart.vn
KEM DÆ¯á» NG áº¨M THE ORDINARY NATURAL MOISTURISING FACTORS+ HA,198000.0,Hinhy Cosmetics,hinhycosmetics
Kem dÆ°á»¡ng áº©m THE ORDINARY NATURAL MOISTURIZING FACTORS + HA,209000.0,nhacuabeauty.holic,nhacuabeauty.holic
(BILL SEPHORA) Kem dÆ°á»¡ng áº©m Natural Moisturizing Factors,283500.0,CHOIX ,choix.hanoi
"Äai lÆ°ng, Ão lÆ°n ORBE vÃ¹ng H3",543000.0,TBYT Viá»‡t HÃ ,thietbiytevietha
Kem DÆ°á»¡ng áº¨m the Ordinary Natural Moisturising Factors + Ha 30ml,195000.0,Beauty+ UK,chuyenhangxachtayuk
"Äai lÆ°ng, Ão lÆ°n ORBE vÃ¹ng H3",545000.0,thietbiyte.giagoc,thietbiyte.giagoc
[Bill Anh] Kem DÆ°á»¡ng áº¨m The Ordinary Natural Moisturising Factors + HA,199000.0,Chip Skincare,chipscosmetic
Kem dÆ°á»¡ng áº©m tá»± nhiÃªn The Ordinary NMF Natural Moisturizing Factors + HA 30ml 100ml Deciem aussie.vn,229000.0,AUSSIE.VN - HÃ€NG Ná»˜I Äá»ŠA ÃšC,aussieshop.vn
"Äai lÆ°ng, Ão lÆ°n ORBE vÃ¹ng H3",545000.0,THIáº¾T Bá»Š Y Táº¾ VIá»†T HÃ€,ytevietha
Kem dÆ°á»¡ng áº©m The Ordinary Natural Moisturizing Factors HA,55000.0,Bellastore.com.vn,bella.store
[TOP 1 SHOPEE] Kem dÆ°á»¡ng áº©m The Ordinary Natural Moisturizing Factors + HA (Bill Anh),269000.0,Little_London,little_london
XE Äáº¨Y NHIá»€U TÆ¯ THáº¾ CHO BÃ‰ YÃŠU - ALY115,570000.0,10K HÃ€NG TIá»†N ÃCH,10k_hangtienich
Kem DÆ°á»¡ng áº¨m The Ordinary Natural Moisturizing Factors + HA,180000.0,Rose Beauty Shop,rosebeautyshop
Kem dÆ°á»¡ng áº©m The Ordinary Natural Moisturizing Factors (NMF) + HA,159000.0,oceanshop,oceanshop
XE Äáº¨Y 2 CHIá»€U ÄA NÄ‚NG GOODBABY 709N,920000.0,telo.vn,telovn2
Xe Ä‘áº©y Ä‘Ã´i cho tráº» 703 Baobaohao,1639000.0,Äá»’ DÃ™NG Máº¸ VÃ€ BÃ‰,shopmitmevabe
MÃ ng che cÃ´n trÃ¹ng trÃ¹m xe Ä‘áº©y cho bÃ©,56108.0,iu,iu.vn
Xe Ä‘áº©y tráº» em 5 bÃ¡nh gáº¥p gá»n tiá»‡n lá»£i (cÃ³ Giá» kÃ¨m theo xe).,340000.0,Tá»•ng Kho Sá»‰ KhÃ¡nh Anh,nguyenduan88
XE Äáº¨Y ÄÃ”I TRáºº EM BAOBAOHAO 703,1660000.0,Shop Äá»“ dÃ¹ng cho bÃ©,comdientu
XE Äáº¨Y BA BÃNH TRáºº EM SIÃŠU Gá»ŒN NHáº¸,215000.0,GIA Dá»¤NG NHUNG LUÃ‚N,giadungnhungluan
[NHáº¬P TOY30K GIáº¢M] Xe Ä‘áº©y 2 chiá»u 3 tÆ° tháº¿ (CÃ³ phanh chÃ¢n + giá» Ä‘á»ƒ Ä‘á»“ + tay xoay + bÃ n Äƒn dáº·m),350000.0,Máº¹ TrÃ²n Con VuÃ´ng,me_tron_con_vuong
LÆ°á»›i che xe Ä‘áº©y em bÃ© chá»‘ng muá»—i,15286.0,Quáº§n Ã¡o tráº» emï¼ŒÄáº§m em bÃ©,babyl.vn
Xe Ä‘áº©y 3 bÃ¡nh cÃ³ mÃ¡i che [ GiÃ¡ ráº» ],439000.0,SiÃªu thá»‹ cho bÃ©,sieuthichobevp
Xe Ä‘áº©y 2 chiá»u vÃ  nháº¡c,900000.0,Babyhot,babyhot
Xe Ä‘áº©y gáº¥p gá»n 5 bÃ¡nh,300000.0,Trang Shop26,thegioidochoithutrang
"Xe Ä‘áº©y 3, 5 bÃ¡nh gáº¥p gá»n  cá»±c cháº¯c cháº¯n cho bÃ©",298000.0,begaoshop,nguyenthu.th270292
Äá»‡m ngá»“i Ä‘á»ƒ xe Ä‘áº©y tráº» em,59000.0,Beaty girl,huixintriple.vn
Xe Ä‘áº©y du lá»‹ch 5 bÃ¡nh ,320000.0,luuna0501,luuna0501
Xe Ä‘áº©y Ä‘i bá»™ du lá»‹ch gáº¥p gá»n 5 bÃ¡nh cÃ³ giá» (Äen),350000.0,DEAL CHá»šP NHOÃNG,dealchopnhoang
Xe Ä‘áº©y tráº» em 722c,450000.0,TrangDuongdp,mytomdp
Xe Ä‘áº©y em bÃ© hÃ¬nh máº¯t cÆ°á»i - Xe Ä‘áº©y,565250.0,giadinh cungmua,anhdung1313
Xe Ä‘áº©y gáº¥p gá»n siÃªu nháº¹ giÃ¡ ráº»,320000.0,Bá»“ CÃ¢u Kids,bocaukids_0981010818
Xe Ä‘áº©y gáº¥p gá»n VIING,2490000.0,sishibaby_ngodieuhang,sishibaby_ngodieuhang
Sale Xe Ä‘áº©y 2 chiá»u 3 tÆ° tháº¿ QD109,550000.0,thegioidochoi_vn,thegioidochoi_vn
Xe Ä‘áº©y em bÃ© 3 bÃ¡nh Trung Quá»‘c gáº¥p gá»n,1200000.0,WindyHouse,bikiniwindy
Xe Ä‘áº©y cho bÃ© Mamago Compact 319 (mÃ u Ä‘en),1890000.0,Shop nhÃ  Nana,nana_baby_store
"Xe Ä‘áº©y Vinng cao cáº¥p, 1 chiá»u gáº¥p gá»n",1939000.0,Cola Baby,shopnhacom2017
Xe Äáº©y Du Lá»‹ch Gáº¥p Gá»n Zaracos BRAVO 3306,985000.0,Shopconyeugiasi.com,tuongvy37114
Xe Ä‘áº©y cao cáº¥p 2 chiá»u gáº¥p siÃªu gá»n,1765000.0,XE Äáº¨Y CHO BÃ‰ 566,xedaychobe566
XE Äáº¨Y VOVO SIÃŠU TIá»†N LÆ I Má»šI NHáº¤T 2019,1550000.0,Shopdoconnit,shopdoconnit
Xe Ä‘áº©y Du Lá»‹ch See Baby QQ1-2 ( Xe 1 tÆ° tháº¿ ngá»“i vÃ  ngáº£ táº¡i chá»— ),649000.0,Hoon Shop BestBaby,hoonhai
[FREESHIP] Xe Ä‘áº©y gáº¥p gá»n 2 chiá»u 3 tÆ° tháº¿ Bair Travel D298 máº«u 2019 má»›i nháº¥t báº£o hÃ nh 12 thÃ¡ng,2689000.0,eworldvn,eworldvn
XE Äáº¨Y Cáº¦U Vá»’NG CHO BÃ‰ 1 CHIá»€U 3 TÆ¯ THáº¾,319000.0,sidogiadunggiare,sidogiadunggiare
Xe Ä‘áº©y hope 308,600000.0,phamthitieuhong,phamthitieuhong
Xe Ä‘áº©y cao cáº¥p DELAMA..!,1799000.0,KimLien ( ChuyÃªn sá»‰ láº» ),occhosapa
xe Ä‘áº©y,550000.0,Ken_HÃ¢n,surishopkids
Xe Ä‘áº©y gáº¥p gá»n  tiá»‡n dá»¥ng,279000.0,xuanthu3d,xuanthu3d
Xe Ä‘áº©y gluck Baby b6 Ä‘á»,899000.0,transussu,transussu
Xe Ä‘áº©y máº¯t mÃ¨o,550000.0,shop_má»¹ pháº©m_TÃ¢y thi,shop_mypham_taythi
Xe Ä‘áº©y 3 BÃ¡nh cÃ³ bÃ n Ä‘áº¡p chÃ¢n(khÃ¡ch tá»± láº¯p xe),305000.0,CHUYENSUA,chuyensua
XE ÄÃ‚Ì‰Y 3 BAÌNH GÃ‚ÌP GOÌ£N THÃ”NG MINH CHO BEÌ,285000.0,tienichthiduong,tienichthiduong
Xe Äáº¨Y 2 Chiá»u Gáº¥p Gá»n 4 BÃ¡nh Cho BÃ© Ra NgoÃ i CÃ³ LÃ² Xo Giáº£m SÃ³c,470000.0,fanpageduongminh,fanpageduongminh
XE Äáº¨Y ÄÃ”I CHO BÃ‰,949000.0,ngoccuongchuyensi,ngoccuongchuyensi
â€œ Sá»ˆ = Láºº â€œ XE Äáº¨Y VOVO 2 CHIá»€U CHÃNH HÃƒNG !,1550000.0,rubybabystore,rubybabystore
Bá»™ nÃ´i cÅ©i váº£i Hugme cá»±c xinh cho bÃ© áº£nh thá»±c táº¿,900000.0,nguyenbaoyen9999,nguyenbaoyen9999
Xe Ä‘áº©y du lá»‹ch,890000.0,shopmeteddyvario,shopmeteddyvario
xe Ä‘áº©y tráº» em giÃ¡ ráº»ğŸ„FREESHIPğŸ„ Giáº£m ngay 30K khi nháº­p mÃ£ [DOCHOI30] xe Ä‘áº©y 5 bÃ¡nh gáº¥p gá»n tiá»‡n lá»£i,150000.0,do_choi_tre_em_dep_gia_re,do_choi_tre_em_dep_gia_re
"Xe Ä‘áº©y chÆ¡i, xe Ä‘áº©y cho bÃ© Baobaohao V3",900000.0,shopmebin8888,shopmebin8888
Xe Ä‘áº©y gáº¥p gá»n 5 bÃ¡nh,300000.0,quynhanh16122018,quynhanh16122018
XE Äáº¨Y 1 CHIá»€U 3 TÆ¯ THáº¾ Gáº¤P Gá»ŒN CHO BÃ‰ YÃŠU,585000.0,shopgiadung234,shopgiadung234
"Xe Ä‘áº©y cho bÃ© (ÄÆ¡n giáº£n, tiá»‡n lá»£i)",255000.0,Shop Bi BÃ©o,bibeothienphat
Xe Ä‘áº©y Combi Mechacal Handy S,6872000.0,CombiVietnam,combivietnam
Xe Äáº©y Du Lá»‹ch Gáº¥p Gá»n Äáº£o Chiá»ƒu V3 CÃ³ Äá»‡m Máº«u Má»›i Nháº¥t 2019,899000.0,GiaKhanhs2017,giakhanhs2017
XE Äáº¨Y BÃN TRÃI CÃ‚Y VINATOY (Nhá»±a Chá»£ Lá»›n),130000.0,THáº¾ GIá»šI TUá»”I THÆ ,thuhienminh
XE Äáº¨Y TRáºº EM JOIE PACT FLEX W/RC&ADPT&TB SIG. NOIR,4640000.0,MTP Store Äá»“ DÃ¹ng Cao Cáº¥p,ratman84
"Xe Ä‘áº©y em bÃ© GB Pockit+All-Terrain máº«u má»›i nháº¥t (táº·ng tÃºi Ä‘á»±ng xe Ä‘áº©y du lá»‹ch Pockit, Ä‘á»‡m lÃ³t xe Ä‘áº©y, mÃ n che mÆ°a)",6380000.0,KIDS i'm,ted69888
Xe Ä‘áº©y bÃ© yÃªu Ä‘i chÆ¡i gáº¥p gá»nğŸ˜˜ 3 bÃ¡nh,220000.0,Thuáº­n HÆ°Æ¡ng 8687,huongthuan8687
Xe Ä‘áº©y 3 bÃ¡nh Song Long C3 V3,480000.0,tungduong231216,tungduong231216
Xe Ä‘áº©y tráº» em cao cáº¥p B-BEKO DS-200,1993000.0,TILO Mart - Máº¹ vÃ  BÃ©,tilomart
Xe Ä‘áº©y Ä‘i bá»™ 2 chiá»u gáº¥p gá»n KIDVIET-PRO Baobaohao Only V3 cho bÃ© (Äen),1050000.0,otoxedientreemkidvietpro,otoxedientreemkidvietpro
"[CHÃNH HÃƒNG]Xe Ä‘áº©y tráº» em, xe Ä‘áº©y 3 bÃ¡nh cÃ³ mÃ¡i che,tay Ä‘áº©y,bÃ n Ä‘áº¡p giÃºp bÃ© táº­p Ä‘i,xe cÃ³ mÃ¡i che náº¯ng mÆ°a- MÃƒ 200",180000.0,Shop Máº¹ Äáº­u-Xe Ä‘á»“ chÆ¡i cho bÃ©,shopmedau.vn
(Sá»‰) Xe Ä‘áº©y du lá»‹ch siÃªu nháº¹ cho bÃ© Mastela A2,999000.0,nanashopchuyensi,0795174883_
Xe Ä‘áº©y du lá»‹ch gáº¥p gá»n Zaracos Bravo 3306,837000.0,Baby68.vn,dinhvanhungbinh
BÃ´ng tai hi Ì€ nh mÄƒ Ì£ t trÄƒng / ngÃ´i sao Ä‘i Ì nh Ä‘a Ì xinh xÄƒ Ì n,32666.0,MISS LUCKY NEW,hehengnew.vn
Xe Ä‘áº©y 1 chiá»u VOVO gáº¥p gá»n.,1450000.0,Halloshopmevabe,vuongngockhuyen
XE Äáº¨Y TRáºº EM JOIE LITETRAX 4 SANDSTONE,4199000.0,chamsocbesosinh,mai030384
"ÄÃ¨n pin sáº¡c Ä‘iá»‡n mÄƒ KN_4512,( mÃ u ngáº«u nhiÃªn)",45000.0,vulanh.1986,vulanh.1986
Quáº§n lÃ³t ná»¯ mÄƒ 6922 chi cÃ³ 170k 10chiáº¿c,170000.0,thuthunguyenlien,thuthunguyenlien
"Sáºµn Ã¡o adidas thÃ¡i lan 100% cotton má»m má»‹n, hÃ³t hÃ­t quanh nÄƒm , chá»n size to máº·c style dáº¥u quáº§n quÃ¡ ok Ä‘á»§ size nam ná»¯ mÄƒ",163000.0,aophongthai992,aophongthai992
[MáºªU Má»šI] - XE Äáº¨Y EM BÃ‰ 2 CHIá»€U CÃ“ Äá»†M MÃ™A ÄÃ”NG 702 SIÃŠU CHáº®C CHáº®N,750000.0,Tá»¦ GHÃ‰P-LÆ¯á»šI Sáº®T-CHUá»’NG QUÃ‚Y,my8078
BÃ´ Ì£ balo + tu Ì i Ä‘eo che Ì o hi Ì€ nh mÄƒ Ì£ t cÆ°Æ¡ Ì€ i dÃª Ìƒ thÆ°Æ¡ng cho be Ì,96519.0,christmas.vn,christmas.vn
xe Ä‘áº©y gáº¥p gá»n cho bÃ© cÃ³ mÃ¡i che,630000.0,GHáº¾ Ä‚N Dáº¶M HN,mongnhi88
Hot Xe Ä‘áº©y 4 bÃ¡nh gáº¥p gá»n cho bÃ© - BÃNH TO CÃ“ GIáº¢M SÃ“C,545000.0,KHO GIA Dá»¤NG KHÃNH ANH,khanhanh1418
MÃ¹a hÃ¨ lÃ  biá»ƒn váº«y gá»i nha. Cáº£ gia Ä‘Ã¬nh cÃ¹ng xuá»‘ng biá»ƒn thÃ´i nÃ o. YÃªu láº¯m luÃ´n nha. NhÃ  em cÅ©ng pháº£i giá»¯ láº¡i 1 vÃ i bá»™ mÄƒ,1340000.0,oanhhoangkids,oanhhoangkids
Bá»‹t mÄƒ,100000.0,trangthaominh,trangthaominh
[ TP.HCM FREESHIP & Láº®P RÃP ] Xe Ä‘áº©y em bÃ© 2 chiá»u fedora s9 new,8610000.0,KU.KU DUCKBILL,tazata.vn
XE Äáº¨Y ÄI Dáº O 2 CHIá»€U Gáº¤P Gá»ŒN CAO Cáº¤P BAOBAOHAO V3,780000.0,vnkids.fashion,vnkids.fashion
Xe Ä‘áº©y 2 chiá»u cao cáº¥p Baobaohao Only V3 NEW,799000.0,"Momo, Youli, Merries, Yubest",bim.angel.vn
Xe Ä‘áº©y em bÃ© Huaying 2 chiá»u 3 tÆ° tháº¿,1370000.0,DITASHOP,ditashop
Xe Ä‘áº©y cho bÃ© Zaracos Oral 2706 Ä‘á»,1850000.0,hoavoanvip,hoavoanvip
Xe Ä‘áº©y 3 bÃ¡nh cÃ³ bÃ n Ä‘áº¡p cÃ³ Ä‘á»ƒ chÃ¢n cáº§n Ä‘áº©y cho bÃ© hÃ ng cao cáº¥p,390000.0,thuylinh95.pt,thuylinh95.pt
"Xe Äáº©y Tráº» Em Cao Cáº¥p Baobaohao - 709N, (2 chiá»u 3 tÆ° tháº¿. CÃ“ BÃ€N NHáº C). Xe Ä‘áº©y Ä‘i bá»™ tráº» em cao cáº¥p",900000.0,Ã” tÃ´ Ä‘iá»‡n cho bÃ© BaBy-Mart,khanh914
(ChÃ­nh hÃ£ng) Xe Ä‘áº©y du lá»‹ch siÃªu nháº¹ cho bÃ© Mastela A2,990000.0,Ä‚n Dáº·m Kiá»ƒu Nháº­t,andamkieunhat
"[CHÃNH HÃƒNG] XE Äáº¨Y EM BÃ‰ BAOBAOHAO 723C MáºªU Má»šI 3 TÆ¯ THáº¾ SIÃŠU NHá» Gá»ŒN, PHÃ™ Há»¢P ÄI MÃY BAY",630000.0,Shop Trang TrÃ­ - GhÃ©p Chuá»“ng,giamcanthienhuong
Xe Ä‘áº©y 2 chiá»u cho bÃ©,496500.0,Xe chÃ²i chÃ¢n cho bÃ©,tuyetcuongthabh
Ráºº VÃ” Äá»ŠCH !!! Xe Ä‘áº©y siÃªu nháº¹ Mastela - MÃ u xanh lam,990000.0,gaubabishop.shopsi,gaubabishop.shopsi
"Xe Ä‘áº©y 1 chiá»u 3 tÆ° tháº¿ hÃ¬nh máº·t cÆ°á»i máº«u má»›i 2019 CÃ³ mÃ¡i che, giá» Ä‘á»“, phanh chÃ¢n - GiÃ¡ Ráº»",450000.0,tuoithobencon..vn,cuahangmevabe_chipchip
ÄÃ´ Ì€ chÆ¡i xÃºc xáº¯c 6 mÄƒ Ì£ t bÄƒ Ì€ ng gÃ´ Ìƒ,12900.0,pufang.vn,pufang.vn
"Xe Ä‘áº©y 5 bÃ¡nh gáº¥p gá»n,xe Ä‘áº©y du lá»‹ch",350000.0,mebemerries,mebemerries
Xe Äáº©y Mua Sáº¯m Báº±ng Nhá»±a Cá»¡ Lá»›n Cho BÃ©,135500.0,linhongwei5028.vn,linhongwei5028.vn
Xe Ä‘áº©y 2 chiá»u gáº¥p gá»n Baobaohao only V3,850000.0,ÄIá»†N MÃY XANH HÃ€ Ná»˜I,d.hstore
xe Ä‘áº©y 5 bÃ¡nh gáº¥p gá»n cao cáº¥p,450000.0,Methushop,methushop
[ Æ¯u ÄÃ£i GiÃ¡ Gá»‘c ] Xe Ä‘áº©y 5 bÃ¡nh gáº¥p gá»n thÃ´ng minh [chuáº©n loáº¡i 1],598000.0,siÃªu thá»‹ Dung ANh,dungshiny
(Thanh lÃ½) xe Ä‘áº©y combi,1600000.0,Dan_nhi_15070,dannhi1507
Xe Ä‘áº©y du lá»‹ch siÃªu nháº¹ Ná»™i Ä‘á»‹a Nháº­t,600000.0,âœ¨ SHOP Cá»¦ Cáº¢i NHá» âœ¨,xedayhanghieusecondhand
Xe Ä‘áº©y loáº¡i xá»‹n cÃ³ Ä‘Ã¨n bÃ¡nh phÃ¡t sÃ¡ng cho bÃ© yÃªu,265000.0,SIEU THI GIA RE NHAT,sieuthigiarenhat
Xe Ä‘áº©y 5 bÃ¡nh gáº¥p gá»n,280000.0,sutishop2002,sutishop2002
Xe Ä‘áº©y cao cáº¥p 3 bÃ¡nh cho bÃ©,650000.0,hoangjihu,hoangjihu
Xe Ä‘áº©y Du lá»‹ch 2 chiá»u siÃªu nháº¹ JOOVY,1980000.0,mocbabi4319,mocbabi4319
(Ráºº NHáº¤T-Sáº´N HÃ€NG) Xe Äáº©y Äáº£o Chiá»u V3 BaoBaoHao Máº«u Má»›i 2019,1300000.0,TOMKIDS 1997,tomkids1997
[GIÃ-Ráºº] Xe Ä‘áº©y du lá»‹ch cho bÃ© Joovy Qatta,1990000.0,xachtay88.com,hangxachtay88
Xe Ä‘áº©y du lá»‹ch siÃªu gá»n nháº¹ cho bÃ©,399000.0,Babyonline - S,tuonganh2016
Xe Ä‘áº©y 2 chiá»u Baobaohao V1 V3 cho bÃ©,870000.0,Haianhhahaa,haianhhahaa
Xe Ä‘áº©y gáº¥p gá»n V1 - Baobaohao,780000.0,ngocbich040413,ngocbich040413
FREE SHIP !!! Xe Ä‘áº©y tráº» em DS-200 B-BEKO,1590000.0,Gáº¥u Babi Shop,gaubabishop
Xe Ä‘áº©y 2 chiá»u siÃªu Ä‘áº¹p cho bÃ©,799000.0,SHOP Máº¸ NHÃM 88,shopmenhim88
"Xe Ä‘áº©y 1 chiá»u 3 tÆ° tháº¿ máº«u má»›i cho bÃ© yÃªu ( náº±m, ngáº£, ngá»“i",329000.0,susushoptn,susushoptn
Xe Ä‘áº©y tráº» em cao cáº¥p Playkid,1240000.0,curious.vn,curious.vn
Xe Ä‘áº©y du lá»‹ch gáº¥p gá»n cao cáº¥p Delama Ä‘en 2 tay cáº§m gháº¿ ngá»“i xoay 360 Ä‘á»™ hÃ ng chÃ­nh hÃ£ng,1990000.0,Xe Äáº©y Gáº¥p Gá»n Cao Cáº¥p DELAMA,thutrangg3493
XE Äáº¨Y 3 BÃNH ÄÃ”I CHO BÃ‰ MáºªU Má»šI( Sáº´N HÃ€NG),850000.0,NhungVu_89,nhungvu_89
Xe Ä‘áº©y tráº» em 5 bÃ¡nh gáº¥p gá»n tiá»‡n lá»£i,645000.0,hieuchunganh1234,hieuchunganh1234
Xe Ä‘áº©y cho bÃ© 6 thÃ¡ng - 6 tuá»•i,835000.0,ginaginan,ginaginan
Xe Ä‘áº©y Ä‘i bá»™ gáº¥p gá»n cho bÃ© 1 chiá»u 3 tÆ° tháº¿ 6083 (Äá»-Xanh-TÃ­m),520000.0,ÄIá»†N MÃY AN PHÃT,dienmaxanh
Xe Ä‘áº©y tráº» em cao cáº¥p B-BEKO DS-200,1550000.0,shopmenhim2909,shopmenhim2909
"Xe Ä‘áº©y Ä‘i bá»™ 2 chiá»u 3 tÆ° tháº¿ BELECOO 511 cho bÃ© cao cáº¥p, cÃ³ giáº£m sÃ³c, báº£o hÃ nh 12 thÃ¡ng",1580000.0,QUáº T ÄIá»€U HÃ’A CHÃNH HÃƒNG ,eva.stores
Xe Äáº©y BÃ¡nh Tráº» Em( cÃ³ 3 mÃ u),550000.0,shop_bon123,shop_bon123
Xe Ä‘áº©y 5 bÃ¡nh siÃªu nháº¹,389000.0,Familydeal.vn,familydeal.vn
[GIAO HÃ€NG 2H] [FREESHIP] Xe Ä‘áº©y 2 chiá»u gáº¥p gá»n dá»¥ lá»‹ch 3 tÆ° tháº¿ Bair Travel D298 máº«u 2019 má»›i nháº¥t báº£o hÃ nh 12 thÃ¡ng,400000.0,KIDMART.vn | SiÃªu thá»‹ Máº¹ vÃ  BÃ©,kidmartvietnam
XE Äáº¨Y CHO BÃ‰ ZARACOS ZIPPY 8186 DARK BROWN,5002800.0,babycar2018,babycar2018
Xe Ä‘áº©y du lá»‹ch gáº¥p gá»n Playkids Platinum cao cáº¥p,1750000.0,TÃ­ Tá»“ Store,tito2014
"[ZARACOS] - Xe Ä‘áº©y Oral 2706 - Äá» & Xanh Ä‘áº­m, chÃ­nh hÃ£ng, báº£o hÃ nh 2 nÄƒm",1985000.0,Happy Mama,momsdiary.vn
Xe Ä‘áº©y gáº¥p gá»n V1 (áº£nh tháº­t shop tá»± chá»¥p),890000.0,baoanh030717,baoanh030717
XE Äáº¨Y BÃ‰ 768 Náº°M 3 TÆ¯ THáº¾,550000.0,XE Äáº P HÆ¯NG THá»ŠNH,hungthinhpari
Xe Ä‘áº©y Ä‘i bá»™ siÃªu nháº¹ Seebaby QQ1-2,580000.0,BÃ© Cá»‘m,dientuduynhat
Xe Ä‘áº©y Ä‘Ã´i du lá»‹ch gáº­p gá»n,1225500.0,tháº¿ giá»›i cá»§a bÃ© 2017,thegioicuabe2017
Xe Ä‘áº©y cáº§u vá»“ng 1 chiá»u 3 tÆ° tháº¿ cho bÃ© yÃªu,326000.0,hanhanshoptn,hanhanshoptn
Xe Ä‘áº©y Ä‘i bá»™ 4 bÃ¡nh gáº¥p gá»n cao cáº¥p,535000.0,mhmart789,mhmart789
"Xe Ä‘áº©y BeiMens cho bÃ© siÃªu nháº¹, gáº¥p gá»n",1275000.0,tienduong1985,tienduong1985
Xe Ä‘áº©y du lá»‹ch loáº¡i 5 bÃ¡nh cháº¯c cháº¯n hÃ ng chÃ­nh hÃ£ng,350000.0,thu1106,thu1106
<GIÃ Há»¦Y DIá»†T>XE Äáº¨Y 1 CHIá»€U 3 TÆ¯ THáº¾  AH110 MÃ€U ÄEN CHO BÃ‰,545000.0,VÃµng Xáº¿p- NÃ´i Äiá»‡n,noidienvongxep
Xe Ä‘áº©y gáº¥p gá»n Nháº­t Báº£n Hinata XD02,1298500.0,Hinata - æ—¥ æœ¬ ã® å“ è³ª,hinata_vn
Xe Ä‘áº©y mÃ¢y gáº¥p gá»n(thanh lÃ½ hÃ ng máº«u trÆ°ng bÃ y :170k),250000.0,cheap123,cheappee
Xe Ä‘áº©y du lá»‹ch gáº¥p gá»n 2 chiá»u VOVO,1550000.0,PASA VU,miucciashop
XE Äáº¨Y 1 CHIá»€U 3 TÆ¯ THáº¾ CHO BÃ‰-GIÃ Æ¯U ÄÃƒI,360000.0,caomanhhung1989,caomanhhung1989
Bá»c bÃ¡nh xe Ä‘áº©y em bÃ© chá»‘ng bá»¥i mÃ u Ä‘en,30737.0,morningdream.vn,morningdream.vn
Xe Äáº©y MÃ¹a HÃ¨ Nhá» Gá»n Cho BÃ© yÃªu,400000.0,Shop_Máº¹_NhÃ­m_Em,nhim_do_tre_em
Xe Ä‘áº©y Seebaby QQ3 siÃªu nháº¹ nhiá»u tÆ° tháº¿ mÃ u ghi,749000.0,lakimart,lakimart
xe Ä‘áº©y Ä‘Ã´i cho bÃ© - 2 chá»• ngá»“i,970000.0,muanhanhhang,muanhanhhang
xe Ä‘áº©y 3 bÃ¡nh gáº¥p gá»n,220000.0,SHOP GROUP ,conghaps
Xe Ä‘áº©y QQ2 hÃ¬nh ngá»™ nghÄ©nh,650000.0,thuong1977,thuong1977
Xe Ä‘áº©y siÃªu nháº¹ gáº¥p gá»n cho bÃ©,275000.0,NhaMun,nhamun
Xe Ä‘áº©y em bÃ© Meslight Greentree thÆ°Æ¡ng hiá»‡u Binggio HÃ n Quá»‘c,699000.0,Binggio,binggio
Xe Ä‘áº©y 3 bÃ¡nh gáº¥p nhá» gá»n tiá»‡n lá»£i láº¯m cÃ¡c máº¹ Æ¡i!!!@@@,320000.0,Äai ná»‹t bá»¥ng  ITALA,shopnhimonlie
Xe Ä‘áº©y Ä‘Ã´i Hope 306,1450000.0,Shop ChuyÃªn Sá»¯a Bá»‰m,shopgau_thamtran
Xe Ä‘áº©y máº¯t mÃ¨o,599000.0,si_buon_gia_xuong,si_buon_gia_xuong
"Xe Ä‘áº©y 3 bÃ¡nh gáº¥p gá»n, thuáº­n tiá»‡n khi Ä‘i du lá»‹ch",300000.0,SiÃªu thá»‹ ráº» ÄÃ  Náºµng,shopchaunhi
Xe Ä‘áº©y COOZY Ariel 126,1975000.0,Äá»“ dÃ¹ng cho bÃ© Zaracos Coozy,duc240595
Xe Ä‘áº©y 3 bÃ¡nh xáº¿p gá»n cho bÃ©,239000.0,phuonglinh1086,phuonglinh1086
Xe Ä‘áº©y du lá»‹ch 3 tÆ° tháº¿,650000.0,SiÃªu Thá»‹ Oniine,ngocphat212
Xe Ä‘áº©y 3 bÃ¡nh gá»n nhá» tiá»‡n lá»£i,312000.0,LÃª ChÃ¢m,lecham1986
FREESHIP ÄÆ N 99K_Xe Ä‘áº©y 1 chiá»u ba tÆ° tháº¿ 6688,450000.0,sonlinh05,sonlinh05
"NÃ”I TRE HUN KHÃ“I,NÃ”I Äáº¶T VÃ•NG CHá»NG CONG LÆ¯NG",130000.0,SHOP Máº¸ & BÃ‰ CITY MUM,tuphuong0101
Xe Ä‘áº©y 5 bÃ¡nh cho bÃ© máº«u má»›i,380000.0,gaushop39,gaushop39
Tli xeÄ‘áº©y hai chiá»u ba the tháº¿ 1200k,790000.0,shopbanbuon88,shopbanbuon88
NÃ´i tre S4 Chá»¯ Nháº­t 95x60cm Ä‘áº·t vÃµng cho bÃ© khá»i bá»‹ cong lÆ°ng,170000.0,Äá»“ SÆ¡ Sinh Cho BÃ© VÃ  Quáº§n Báº§u,dososinhbabies
NÃ´i tre cho bÃ© náº±m vÃµng loáº¡i 1,30000.0,Cá»¬A HÃ€NG TIáº¾N THÃ™Y,...tram_anh...0201
"NÃ´i ngá»§ chung giÆ°á»ng bá»‘ máº¹ kiÃªm tÃºi Ä‘á»±ng Ä‘á»“ cho bÃ©, nhiá»u mÃ u lá»±a chá»n",189000.0,Tá»•ng Sá»‰ NÆ°á»›c Hoa Bá»m Con,bomcon
Aprica karoon black,2500000.0,vanmixinh,vanmixinh
GIáº¢M GIÃ!!! HÃ€ Ná»˜I !!!!NÃ”I TRE Äáº¶T Náº°M VÃ•NG (Full size tá»« 0 - 36 thÃ¡ng),129000.0,B2B_ huongdonhu,huongdonhu
NÃ´i NguÌ‰ Chung GiÆ°Æ¡Ì€ng Cho BeÌ Gáº¥p Gá»n (Video sáº£n pháº©m),275000.0,SuSu Shop - Gia dá»¥ng giÃ¡ gá»‘c,susu_miu
"NÃ”I TRE HUN KHÃ“I,NÃ”I Äáº¶T VÃ•NG CHá»NG CONG LÆ¯NG",130000.0,CHá»¢ Tá»T Máº¸ VÃ€ BÃ‰ YÃŠU,ntth_210500
Xe Ä‘áº©y du lá»‹ch gáº¥p gá»n nhÆ° vali kÃ©o Baobaohao y1 loáº¡i Ä‘áº¹p,900000.0,giadungtienich68,giadungtienich68
"Xe Äáº©y Du Lá»‹ch 5 BÃ¡nh Gáº¥p Gá»n, BÃ¡nh Xe CÃ³ Khung Tiá»‡n Lá»£i",325325.0,HUY THUáº¬N STORE,huythuan1985
NÃ´i tá»± Ä‘á»™ng cao cáº¥p Mastela SG239 - MÃ u Be,1660000.0,SiÃªu Thá»‹ máº¹ vÃ  bÃ© - Babylovevn,babylovevn.com
Xe Ä‘áº©y cao cáº¥p V5 Kids,750000.0,Mommykids Minh ChÃ¢u,tinh_nghe
Treo nÃ´i cÅ©i Umoo chiáº¿u sao phÃ¡t nháº¡c,316000.0,Bobo Mart - Máº¹ bÃ© chÃ­nh hÃ£ng,bobo_mart
Xe Äáº©y Em BÃ© Báº±ng Há»£p Kim NhÃ´m,2112300.0,williamslime.vn,williamslime.vn
XE Äáº¨Y DU Lá»ŠCH [Ráºº VÃ” Äá»ŠCH] CÃ“ ÄAI AN TOÃ€N,300000.0,anhlala.shop,anhlala.shop
"Xe Äáº©y Du Lá»‹ch 5 BÃ¡nh Gáº¥p Gá»n, BÃ¡nh Xe CÃ³ ÄÃ¨n",325325.0,Tá»”NG KHO MIá»€N NAM,tongkhomnam
xe Ä‘áº©y Combi 2 chiá»u wellflat,1700000.0,Xe Äáº©y Cho BÃ©-0903562247,phanthanhoai
Xe Ä‘áº©y du lá»‹ch,1000000.0,tuanh2010,tuanh2010
Xe Ä‘áº©y tráº» em,600000.0,truongthuongnb,truongthuongnb
Xe Ä‘áº©y dáº¡o chÆ¡i gáº¥p gá»n 2 chiá»u Baobaohao V3 (máº«u cáº£i tiáº¿n cá»§a V1) Báº£o hÃ nh 1 nÄƒm,845000.0,SuSU Kids1,0968530000a
Thanh lyÌ xe Ä‘Ã¢Ì‰y cho beÌ,450000.0,Hanh.1987.,hanh.1987.
xe Ä‘áº©y Ä‘áº£o chiá»u cao cáº¥p chÃ­nh hÃ£ng Baobaohao V1,795000.0,pandamart123,pandamart123
Xe Äáº©y Cao Cáº¥p Gáº¥p SiÃªu Gá»n Belecoo A8,1499000.0,VUABANLEVIETNAM,sutrolaicuanhavua
Xe Ä‘áº©y,500000.0,quynhphucan,quynhphucan
NÃ´i Tre Hung KhÃ³i Cho BÃ© Náº±m VÃµng,200000.0,MieuChan1505,mieuchan1505
ChÃ¢n ná»‘i dÃ i bÃ n Ä‘áº¡p xe Ä‘áº©y em bÃ©,128369.0,eulove.vn,eulove.vn
Xe Ä‘áº©y 5 bÃ¡nh gáº¥p gá»n thÃ´ng minh dÃ nh cho bÃ©,325325.0,CÃ” CÃ” BI,cocobi2020
XE Äáº¨Y 5 BÃNH Gáº¤P Gá»ŒN,295000.0,sam.66,sam.66
[Ráº» vÃ´ Ä‘á»‹ch] Xe Ä‘áº©y cao cáº¥p 2 chiá»u 3 tÆ° tháº¿ Wangbaby Khung thÃ©p+ bÃ¡nh hÆ¡i+ giáº£m sÃ³c (KÃ¨m toÃ n bá»™ phá»¥ kiá»‡n),1150000.0,Mon's Baby Store,duclong2712
BÃ¡nh Xe Äáº©y CÃ³ Thá»ƒ Äiá»u Chá»‰nh Tiá»‡n Dá»¥ng Cho Äiá»‡n Thoáº¡i,595000.0,Youruo Grocery Mall,l0qc.sip.vn
Xe Ä‘áº©y ba bÃ¡nh gáº¥p gá»n,110000.0,GIAANH,dochoitremdochoitritue
Xe Ä‘Ã¢Ì‰y 5 baÌnh gÃ¢Ìp goÌ£n,210000.0,utcau86,utcau86
Xe Ä‘áº©y tráº» em,1480000.0,bao_dung1234,bao_dung1234
Xe Ä‘áº©y Ä‘Ã´i cÃ³ mÃ¡i che,1340000.0,phuonglebgg,phuonglebgg
SiÃªu xe Ä‘áº©y Belecoo,2550000.0,Äáº­u Äá» KIDS,tuantu46yb
"Xe Äáº©y Du Lá»‹ch 5 BÃ¡nh Gáº¥p Gá»n, BÃ¡nh Xe CÃ³ Khung Tiá»‡n Lá»£i",325325.0,SIÃŠU THá»Š CHáº¤T 123,sieuthichat
Xe Ä‘áº©y 3 tÆ° tháº¿,460000.0,lethao.sphd,lethao.sphd
Xe Ä‘áº©y 3 tÆ° tháº¿ siÃªu gá»n nháº¹,650000.0,Babyonline,anhdao89bg
Xe Ä‘áº©y 5 bÃ¡nh gáº¥p gá»n,299900.0,Äá»’ CHÆ I Máº¸ á»C,nhainguyen249
Xe Ä‘áº©y ba bÃ¡nh,560000.0,tuanthanh842,tuanthanh842
"Sale Sá»‘c Xe Äáº©y Du Lá»‹ch 5 BÃ¡nh Gáº¥p Gá»n, BÃ¡nh Xe CÃ³ ÄÃ¨n",259000.0,Shop Me vÃ  BÃ©,duongsang0387457330
[FreeShip_Xáº£ Kho 1 NgÃ y] Xe Äáº©y 5 BÃ¡nh Gáº¥p Gá»n,311000.0,giadunglakhe,giadunglakhe
"Xe Ä‘áº©y 3 bÃ¡nh cÃ³ bÃ n Ä‘áº¡p (cÃ³ Ä‘á»ƒ chÃ¢n, cáº§n Ä‘áº©y)",340000.0,babynhim2017,babynhim2017
Xe Ä‘áº©y 2 chiá»u cao cáº¥p Joovy Qatta S113,1390000.0,hulashop_,hulashop_
Xe Ä‘áº¡p tráº» em ğŸFREESHIPğŸ xe Ä‘áº©y cho bÃ©,799000.0,Xe_Ä‘áº¡p_tráº»_em,xe_dap_tre_em
Xe Ä‘áº©y Ä‘i chá»£,320000.0,shopnhaBong0209,thoathy
Xe Ä‘áº©y tráº» em Aprica Luxuna Cushion (AB Gray),12150000.0,Shop BÃ© Ãš,susu310120
XE Äáº¨Y KIÃŠM XE Äáº P 3 BÃNH CÃ“ MÃI CHE - SHOP Máº¸ BEN,550000.0,shopmeben8888,shopmeben8888
XE Äáº¨Y CHO CON YÃŠU,1199000.0,ChÃ o NgÃ y Má»›i 89,chaongaymoi1301
"Xe Ä‘áº©y tráº» em 2 chiá»u 3 tÆ° tháº¿ (IBAOLAI) gáº¥p gá»n siÃªu cháº¯c, máº«u má»›i 2020 vá»›i nhiá»u quÃ  táº·ng Ä‘á»",1799000.0,Dáº§u trÃ m Ngá»c Tuyáº¿t,dautramngoctuyet
XE Äáº¨Y KIÃŠM XE Äáº P 3 BÃNH CÃ“ MÃI CHE - SHOP Máº¸ BEN,550000.0,Shop Me Ben,hung_hoa
XE Äáº¨Y 4 BÃNH CHO BÃ‰,479000.0,Shop láº» ráº» nhÆ° buÃ´n,hanapham123
[FreeShip_Xáº£ Kho 1 NgÃ y] Xe Äáº©y 5 BÃ¡nh Gáº¥p Gá»n,304000.0,Tá»•ng kho gia dá»¥ng Mun care,mun_care
Xe Ä‘áº©y Ä‘a nÄƒng cho bÃ© 0-3 tuá»•i 2 chiá»u khung nhÃ´m cao cáº¥p SUV Comfortable mÃ u kem cao cáº¥p 2019 - HanruiOffical,1945000.0,hanruioffical,hanruioffical
Xe Ä‘áº©y 709N,850000.0,SHOP Äá»’ DÃ™NG Cá»¦A BÃ‰,vuhoabinh993
"( SiÃªu Ngon) Xe Ä‘áº©y gáº¥p gá»n siÃªu nháº¹, tiá»‡n lá»£i khi mang Ä‘i du lá»‹ch ...",789000.0,Tá»•ng kho hÃ ng vÃ¢n nam,dotuananh.lc
Xe Ä‘áº©y vovo 1 chiá»u,1450000.0,echcomsosinh,echcomsosinh
[Trá»£ giÃ¡] Xe Ä‘áº©y ghÃª du lá»‹ch gáº¥p gá»n cao cáº¥p,400000.0,Shop Baby Rice,buingocsan
Xe Ä‘áº©y V3 cho bÃ©,750000.0,khanhlydt,khanhlydt
Set 2 Ä‘á»“ bá»c tay cáº§m xe Ä‘áº©y em bÃ© nhiá»u mÃ u sáº¯c thá»i trang,36660.0,rowan.vn,rowan.vn
"Xe Ä‘áº©y tráº» em du lá»‹ch gáº¥p gá»n 2020 (mÃ¡i che, phanh chÃ¢n)",199000.0,Há»“ng Nháº­t Shop @12,hannguyet28121984
[SiÃªu Sale] Xe Ä‘áº©y mÃ¢y gáº¥p (CÃ³ giáº£m xÃ³c + phanh hÃ£m + báº£o hiá»ƒm + vá»‹t kÃªu),75000.0,Shop Babykidss,mykhoii
Xe Ä‘áº©y Ä‘Ã´i cao cáº¥p,1470000.0,nguyenhaanh19082014,nguyenhaanh19082014
Xe Äáº©y Äi ChÆ¡i Cho BÃ©,229000.0,donghoa91,donghoa91
Xe Ä‘áº©y scooter,190000.0,Äepxinh store,depxinhkids
Xe Ä‘áº©y gáº¥p gá»n Vovo 1 chiá»u Táº·ng kÃ¨m 4 mÃ³n Ä‘á»“ cho máº¹ vÃ  bÃ©,1350000.0,Zimba Baby,beamom
Xe Ä‘áº©y 5 bÃ¡nh gáº¥p gá»n cho bÃ©,320000.0,"Tháº£m XPE, Tháº£m nháº¡c cho bÃ©",lethuha1986qb
Xe Ä‘áº©y cho bÃ© VOVO TRAVEL 2 chiá»u 3 tÆ° tháº¿ gáº¥p gá»n cao cáº¥p (Äen-XÃ¡m-Há»“ng-Xanh) - AZSHOP,1450000.0,MUA Sáº®M THÃ”NG MINH AZ,muasamthongminhaz
Xe Ä‘áº©y Ä‘a chá»©c nÄƒng,1350000.0,nhuha9x,nhuha9x
SiÃªu HÃ³t Xe Ä‘áº©y cao cáº¥p 2 chiá»u HuaYing,1261260.0,Bon Shop shoes,phongtv2019
Thanh lÃ½ xe Ä‘áº©y du lá»‹ch Maclaren Volo,800000.0,KodakMommy,kodakmommy
"Xe Ä‘áº©y 2019 du lá»‹ch (gáº¥p gá»n, mÃ¡i che, phanh chÃ¢n, báº£o hiá»ƒm)",180000.0,Chá»£ Shope,choshope
Xe Ä‘áº©y 2 chiá»u cao cáº¥p QD 109 BAO BAO HAO,549000.0,duongthao8989,duongthao8989
Xe Ä‘áº©y mÃ¹a hÃ¨,530000.0,congtyme,congtyme
Com bo xe Ä‘áº©y vÃ  ngá»±a báº­p bÃªnh,680000.0,Ä‘á»“ chÆ¡i tráº» em sÃºng nerf,sopdochoitreem
DÃ¢y Ä‘ai an toÃ n gáº¯n trÃªn xe Ä‘áº©y gháº¿ cao hoáº·c trong xe hÆ¡i cho tráº» em,37000.0,huluboy.vn,huluboy.vn
Xe Äáº©y Cho BÃ© 2 Chiá»u 3 TÆ° Tháº¿ Äa NÄƒng,1099000.0,HONA Boss,ngatpt.hona
Bá»™ Dá»¥ng Cá»¥ Sá»­a Chá»¯a Xe Äáº©y Em BÃ© 3 Táº§ng Äa NÄƒng,133000.0,ping1620.vn,ping1620.vn
Xe Äáº©y Cho BÃ©,1500000.0,anhngocle95,anhngocle95
"âš¡[CHÃNH HÃƒNG]âš¡Xe Ä‘áº©y cho bÃ© HUAYING ,Xe Ä‘áº©y em bÃ© 2 chiá»u 3 tÆ° tháº¿ mÃ u Ä‘á»,mÃ u xanh,mÃ u kaki,mÃ u há»“ng-XDHY001",1250000.0,PHá»¤ KIá»†N XE HÆ I CAO Cáº¤P,phamnangchibao
Xe Ä‘áº©y hello baby,650000.0,linhchi1678,linhchi1678
Xe Ä‘áº©y 2 chiá»u mÃ¡i che chá»‹u lá»±c tá»‘t kÃ¨m Ä‘ai Ä‘á»‹u cho bÃ©,3040000.0,IT Best Shop,tonytuanvn98
2 táº¥m bá»c báº£o vá»‡ tay cáº§m xe Ä‘áº©y em bÃ©,30600.0,trailblazer.vn,trailblazer.vn
Xe Ä‘áº©y cho bÃ©,570000.0,giadungviet24h,giadungviet24h
Phá»¥ Kiá»‡n Xe Äáº©y Em BÃ©,76800.0,bonus.vn,bonus.vn
XE Äáº¨Y CHO BÃ‰ SIÃŠU Äáº¸P,550000.0,chuyensidochoi,chuyensidochoi
Xe Ä‘áº©y 5 bÃ¡nh,249000.0,khosigiadung0968068377,khosigiadung0968068377
Xe Äáº©y thá»i trang 2 chiá»u chá»‘ng sá»‘c cho máº¹ tráº» vÃ  bÃ© cao cáº¥p 2019,2930000.0,AUDIA7. SHOPER.,tonytuanvn
"Xe Ä‘áº©y tráº» em Aprica Karoon (SX, Black, Rose, Tanzanite)",5500000.0,Máº¹ Báº§u Online (Chi nhÃ¡nh 1),mebauonline
LÃ³t dá»±a lÆ°ng xe nÃ´i cho bÃ©,71332.0,babytoys.vn,babytoys.vn
[áº¢NH Tá»°C Táº¾-MODEL2019] Xe nÃ´i Belecoo báº£n cao cáº¥p kÃ¨m quÃ  táº·ng háº¥p dáº«n,1990000.0,mengonguay,mengonguay
XE Äáº¨Y 5 BÃNH KIá»‚U Má»šI TAY CONG.,550000.0,shopre3k,shopre3k
xe Ä‘áº©y du lá»‹ch tráº» em 723,550000.0,SiÃªu Thá»‹ Háº£i HÃ ,dantinhhvnn
XE Äáº¨Y 2 CHIá»€U VOVO (NHIá»€U MÃ€U),1690000.0,SHOP SÆ  SINH BÃ‰ CÆ¯NG,dososinhhien
Thanh lÃ½ xe Ä‘áº©y du lá»‹ch Coolkid ThÃ¡i Lan,700000.0,NGOCDUNG1987,ngocdung1987
Xe Ä‘áº©y 3 bÃ¡nh cho em bÃ©.,300000.0,namphuong_00,namphuong_00
Trá»‘ng Rung Cáº§m Tay HÃ¬nh Thá» ÄÃ¡ng YÃªu Treo Xe Äáº©y Em BÃ©,53070.0,ariny.vn,ariny.vn
Chá»¥p xe Ä‘áº©y cho bÃ©,200000.0,soanguyen9091,soanguyen9091
Xe Ä‘áº©y Ä‘Ã´i,1000000.0,nguyetque91,nguyetque91
XE Äáº¨Y BAOBAOHAO 711C-B.,540000.0,SiÃªu Thá»‹ Máº¹ vÃ  BÃ© Kids Global,sieuthimevabekidsglobalhp
Xe Ä‘áº©y du lá»‹ch gáº­p gá»n,799000.0,dinhthibong,dinhthibong
ğŸŒ¿Xe Ä‘áº©y 3 bÃ¡nh gáº¥p gá»n thÃ´ng minh dÃ nh cho bÃ©,270000.0,trungtam1234,trungtam1234
[Free ship] Xe Ä‘áº©y thÃ´ng minh gáº¥p gá»n cÃ³ tay cáº§m,243000.0,THá»œI TRANG Sá»C,tranhuy2812
Xe Ä‘Ã¢Ì‰y 2 chiÃªÌ€u 3 tÆ° thÃªÌ siÃªu nheÌ£,680000.0,susubimsua168,susubimsua168
Phá»¥ kiá»‡n bÃ¡nh xe Ä‘áº©y gluck cÃ¡c loáº¡i,80000.0,susugenuss,susugenuss
DÃ¢y Ä‘ai an toÃ n cho bÃ© khi ngá»“i xe Ä‘áº©y,42210.0,bluevelvet.vn,bluevelvet.vn
Xe Ä‘áº©y tiá»‡n Ã­ch cho bÃ©,220000.0,nganhunghieu,nganhunghieu
Xe Ä‘áº©y du lá»‹ch cá»§a nháº­t,500000.0,hangkhuyenmaigiagoc,hangkhuyenmaigiagoc
Xe Äáº©y Cho BÃ© 2 Chiá»u 3 TÆ° Tháº¿ Äa NÄƒng,1179000.0,Thanhhona,thanhhona
Xe Ä‘áº©y xáº¿p gá»n,560000.0,bonmart.shp,bonmart.shp
Xe Ä‘áº©y gáº¥p gá»n cho bÃ©,224000.0,cherryhanoi,cherryhanoi
Xe Ä‘áº©y tráº»,1020000.0,hanhnguyenhp21,hanhnguyenhp21
Xe Ä‘áº©y tráº» em Joie Litetrax 4 Chromium,4690000.0,Háº±ng Japan HCM,hangjapankids
"Xe Ä‘áº©y gáº¥p gá»n 3 bÃ¡nh, [loáº¡i xá»‹n] bÃ¡nh xe phÃ¡t sÃ¡ng",229000.0,Kho sá»‰ TÃ¢n Thanh,ngocnhimm
Xe Ä‘áº©y Wonfuss cao cáº¥p,1550000.0,bonshouse999,bonshouse999
Combo xe Ä‘áº©y chÃ²i chÃ¢n cho bÃ©,225000.0,phan.thi.van.an,phan.thi.van.an
Phá»¥ Kiá»‡n BÃ¡nh Xe Äáº©y Em BÃ© Tiá»‡n Lá»£i 2 Inch,148500.0,HENGI Home & Living,hengjupc3er.vn
MÃ¡i che xe Ä‘áº©y vibrant,200000.0,royal_baby_shop,royal_baby_shop
Xe Ä‘áº©y ná»™i Ä‘á»‹a Trung,400000.0,huongpt.vncc,huongpt.vncc
(Táº¶NG Äá»†M) Xe Ä‘áº©y Cao Cáº¥p V3,765000.0,Sanphammevabe.vn,sanphammevabe
xe Ä‘áº©y siÃªu thá»‹,39000.0,baoan240619,baoan240619
[Táº¶NG 100BÃ“NG + THáº¢M + Äá»’ CHÆ I] QuÃ¢y cÅ©i nhá»±a nguyÃªn sinh cho bÃ© yÃªu ( kÃ¨m áº£nh tháº­t ),1350000.0,Shop quÃ¢y cÅ©i nhá»±a MÃ¡ Tin,vanthuong208
QuÃ¢y tráº» em,1200000.0,nguyenthanhht38,nguyenthanhht38
Gháº¿ rung cho bÃ© cÃ³ kÃ¨m Ä‘á»“ chÆ¡i,180000.0,suahuongcuong1993,suahuongcuong1993
YAYA` 2Pairs Fashion Baby Anti Scratching Gloves Newborn Protection Face Cotton Scratch Mittens,23100.0,ThrougHearTach.vn,hahahaaa.vn
"[HÃ ng sÄƒn - HN] Bá»™ quÃ¢y bÃ³ng cho bÃ© 16 táº¥m 1m6x2m, táº·ng 100 bÃ³ng + tháº£m 2 máº·t, ship toÃ n quá»‘c",1600000.0,ShopmeCamap,shopmecamap
Khuyáº¿n máº¡i Äá»‹u ngá»“i em bÃ© Newstar,159000.0,babybee_ráº» mÃ  cháº¥t,babybee_so1
SiÃªu pháº©m BELECOO MáºªU Má»šI,1790000.0,shopmegau300917,shopmegau300917
Gháº¿ sofa kiá»ƒu dÃ¡ng thoáº£i mÃ¡i chá»‘ng tÃ© ngÃ£ phá»‘i há»a tiáº¿t dá»… thÆ°Æ¡ng dÃ nh cho cÃ¡c bÃ©,142000.0,fantasticbaby.vn,fantasticbaby.vn
Bá»™ Ä‘á»•i nguá»“n dÃ¹ng cho nÃ´i Ä‘iá»‡n,130000.0,SIÃŠU THá»Š GIA ÄÃŒNH 2020,phukienxemay2019
khÃ¡ch Ä‘áº·t 62x100cm,1480000.0,GiÆ°á»ng cÅ©i tráº» em giÃ¡ ráº»,yenkids
VOVO 2 CHIá»€U 2019,1700000.0,SumoShopThuDuc,hung0890
Gháº¿ Sofa Hoáº¡t HÃ¬nh Dá»… ThÆ°Æ¡ng Cho BÃ©,130200.0,superfashions.vn,superfashions.vn
[Táº·ng 15 bÃ³ng] QuÃ¢y CÅ©i kiÃªm nhÃ  bÃ³ng KT( 120 X 120X 60),299000.0,MÃ­t Mini Mart,mit.mini.market
2 nÃ´i size,610000.0,Trang Tráº§n Handmade Shop,trantrangbn89
(Táº·ng Ã¡o mÆ°a) Gháº¿ ngá»“i xe mÃ¡y BEESMART dÃ nh cho xe ga,520000.0,ql104nhi,ql104nhi
"BO VUON THU  VUI NHON .HANG KHUYEN MAI TU SUA VINAMILK .CHAT LIEU NHUA AN TOAN CHO BE , RAP  VUON NGO  NGHINH .........",15000.0,levyshop2007,levyshop2007
QuÃ¢y nhá»±a hÃ¬nh sao,1550000.0,nguyentran2293,nguyentran2293
KhÄƒn Phá»§ Xe Äáº©y Em BÃ©,167400.0,cozeroom.vn,cozeroom.vn
Quay  + drap  boc 60x100x2,530000.0,quay cui,mevabemart.net
QuÃ¢y Hola táº·ng kÃ¨m bÃ³ng tháº£m,1850000.0,Táº¡p HÃ³a GiÃ¡ Tá»‘t,taphoagiatot
Gháº¿ rung,390000.0,thoatran270890,thoatran270890
Bá»“n tiá»ƒu gáº¯n tÆ°á»ng cho bÃ© trai,134644.0,mercury8.vn,mercury8.vn
Cá»§i5D playppen,1250000.0,phuocloi1987,phuocloi1987
Ti ngáº­m,50000.0,nhudong143,nhudong143
QuÃ¢y vui chÆ¡i cho bÃ©,340000.0,minhphung264,minhphung264
LÃ¡ cháº¯n Ä‘áº§u giÆ°á»ng LOVA ikea chÃ­nh hÃ£ng ( cÃ³ sáºµn),480000.0,IKEA chÃ­nh hÃ£ng,dinhthuylieu123
Nancy,690000.0,kevinshop72,kevinshop72
[QuÃ  táº·ng kÃ¨m 65K] - NÃ´i Tráº» Em Tá»± Äá»™ng 5 In 1 Mastela HÃ ng Nháº­p Kháº©u ChÃ­nh HÃ£ng,1399000.0,An Kids Store - Cho Máº¹ vÃ  BÃ©,haduong2013
NÃ´i cÅ©i báº±ng gá»— cÃ³ mÃ¹ng cho bÃ© cao cáº¥p - Sáº£n pháº©m hot,1450000.0,exciter2020,exciter2020
QuÃ¢y bÃ³ng,355000.0,Bongbang1311,lelaivn86
(Táº¶NG PHá»¤ KIá»†N) XE Äáº¨Y BELECOO A8 CÃ³ Sáºµn HÃ ng,1399000.0,ChuyÃªn Xe Äáº©y Cho BÃ© - Linh Mi,tungkon1288
NÃ´i GÆ°á»ng CÅ©i Ä‘Æ°a tá»± Ä‘á»™ng Autoru 4 sao,2850000.0,Há»‡ Thá»‘ng Máº¹ & BÃ© Voi Con,mevabevoicon
( Táº·ng quÃ  Ä‘áº·c biá»‡t ) Xe Ä‘áº©y 2 chiá»u gáº­p gá»n du lá»‹ch,2250000.0,xedaychobe.huyenanhvu,xedaychobe.huyenanhvu
 NÃ´i cÅ©i Ä‘Æ°a tá»± Ä‘á»™ng xáº¿p gá»n cho bÃ© ( Full Box nhÆ° hÃ¬nh ) [Slimz] ,1998000.0,SUNSHINE SHOP21,comboshop98
Gháº¿ rung,250000.0,hoanghaivan,hoanghaivan
NÃ´i gá»— tá»± Ä‘á»™ng 3 trong 1. Cá»¡ Trung,1600000.0,Tigers shop,phanquanghuy2512
CÅ©i cho bÃ©,2399000.0,hankimdung,hankimdung
"HÃ ng cao cáº¥p KIWICOOL - Xe Ä‘a nÄƒng chÃ²i chÃ¢n, 3 bÃ¡nh, thÄƒng báº±ng As006",950000.0,Bongkids.com - HÃ  Ná»™i,bongkidsvn
"NÃ´i cÅ©i váº£i dÃ¹ Zaracos Jenni 5046 (xanh,há»“ng)",2885000.0,MB Mart,mbmart
NÃ´i cá»§i dÃ¹ ZARACOS JELLY 6046 â€“ YELLOW,3500000.0,nphuctduong,nphuctduong
"NÃ´i tre náº±m vÃµng, hun khÃ³i chá»‘ng má»‘i má»t vÃ  dáº±m, báº£o vá»‡ cá»™t sá»‘ng tráº»",249000.0,Thanh cháº¯n giÆ°á»ng,thanhchangiuongchobe
( CHÃNH HÃƒNG ) NÃ”I RUNG ÄIá»†N Tá»° Äá»˜NG KUB,1300000.0,guckf4my2m,duongngocminhanh2004
Combo nÃ´i tre + ná»‡m lÃ³t bá»c nÃ´i,225000.0,QUáº¦N CHá»¤C,phamdung2211
Cá»§ rung nÃ´i Ä‘iá»‡n Äáº¡i VÄ© - Táº·ng 2 dÃ¢y Curoa dá»± phÃ²ng- CÃ³ áº£nh tháº­t,205000.0,mÃ n mÃ¹ng,vongxepnoidien
NÃ”I ÄIá»†N VÃ•NG Xáº¾P Äáº I VÄ¨ 2 TRONG 1,445000.0,mankhung_vongxep.123,mankhung_vongxep.123
NÃ´i tre sÆ¡ sinh Ä‘áº¿n 24 thÃ¡ng 100x65,170000.0,NÃ´i Tre Äá»ƒ VÃµng Cho BÃ©,thanhxuanthanhxuan1984
Combo nÃ´i tre kÃ¨m ná»‡m lÃ³t Viet Kids dÃ¹ng Ä‘áº·t vÃµng cho bÃ©,230000.0,baby shop az,babyshopaz
NÃ´i Äiá»‡n VÃµng Xáº¿p ThÃ nh HÆ°ng 2 trong 1,870000.0,mung_chup_tu_bung,mungchuptubunggiare
NÃ´i Tre Äáº·t VÃµng Loáº¡i Tá»‘t,30000.0,b3b7_tjnir,noitre36
NÃ´i Rung Tá»± Äá»™ng Cho BÃ© - MÃ n HÃ¬nh LED cáº£m á»©ng - KUB,1700000.0,SuSu KIDS 123,0325920061a
NÃ´i rung Ä‘iá»‡n tá»± Ä‘á»™ng cho BÃ© KUB - Model má»›i 2020 mÃ n hÃ¬nh led cáº£m á»©ng,1750000.0,Äá»“ chÆ¡i tráº» em Little Sunshine,nguyensen93
NÃ´i size 100Ã—65 Ä‘Ã£ hÆ¡ sáº¡ch lÃ´ng,160000.0,Ledinh0919719129,ledinh0919719129
NÃ´i Äiá»‡n VÃµng Xáº¿p Tá»± Äá»™ng Quang HÆ°ng 2 Trong 1 Táº·ng MÃ n Chá»‘ng Muá»—i + VÃµng),75000.0,MÃ n Khung- MÃ n Tá»± Bung,nhatquangnguyen2017
NÃ´i GÃ¢Ìp NguÌ‰ Chung GiÆ°Æ¡Ì€ng cho BÃ‰ iBaBy CÃ³ Nháº¡c Du Ngá»§,800000.0,Pham Kids_Máº¹ vÃ  BÃ©,phukienthoitrangpl
"NÃ´i cho bÃ© Ä‘a nÄƒng Hugme 8IN1, full tÃ­nh nÄƒng, gáº¥p gá»n, táº·ng kÃ¨m 3 phá»¥ kiá»‡n vÃ  Ä‘á»“ chÆ¡i cho bÃ©",2500000.0,zimbaby65,babybemo
CÅ©i gá»— Ä‘a nÄƒng 2 táº§ng cho bÃ© -GÃ­a Sá»‘c,1599000.0,longphung8686,longphung8686
NÃ´i Rung Tá»± Äá»™ng Cho BÃ© - MÃ n HÃ¬nh LED cáº£m á»©ng - KUB,1700000.0,Susu kids4,gucp2936
"NÃ”I TRE HUN KHÃ“I,NÃ”I Äáº¶T VÃ•NG KÃˆM Äá»†M LÃ“T",150000.0,SHOP Máº¸ BÃ‰ BIBO,tuthithuyphuong
NÃ”I Gá»I NGá»¦ CHUNG GIÆ¯á»œNG CHO BÃ‰ (áº¢NH THáº¬T),279000.0,thanhhuyenyd,thanhhuyenyd
"NÃ´i thanh lÃ½ nÃ´i vÃ  mÃ¡y Ä‘Æ°a vÃµng hÃ£ng Autoru bÃ© 3 tuá»•i náº±m Ä‘Æ°á»£c, mÃ¡y Ä‘Æ°a chá»‹u lá»±c tá»›i 85kg",650000.0,ngoc0708150,ngoc0708150
Xe Ä‘áº¡p tráº» em 3 bÃ¡nh tá»« 3-5 tuá»•i cÃ³ Ä‘ai an toÃ n,872200.0,China Market,leosinh15
[ShopToro] NÃ´i Ä‘iá»‡n tá»± Ä‘á»™ng Ä‘Æ°a cho bÃ© cÃ³ nháº¡c vÃ  mÃ¹ng chá»‘ng muá»—i Boss Baby,1473000.0,shoptoro,shoptoro
ğŸ˜Hot ğŸ”¥HotğŸ”¥ NÃ´i tre Ä‘áº·t vÃµng cho bÃ© yÃªu chÃ´Ìng guÌ€ lÆ°ng treÌ‰ nhoÌ‰,40500.0,VÄ©nh ThuyÃªn,shopcapxachbalovali
CÅ©i tráº» em 2 táº§ng cá»¡ Ä‘áº¡i 80 cm x 120 cm Viá»‡t Nam TH810 (nháº­p mÃ£ SIEUCUI40 Giáº£m 40k),1139000.0,BabiMart.com,sieuthibabimart
NÃ´i tá»± Ä‘á»™ng cao cáº¥p cho bÃ©,2449000.0,Misu House PhÃº Quá»‘c,nhannguyen11973
"free Ship !!! NÃ´i Tá»± Äá»™ng Cao Cáº¥p Äiá»u Khiá»ƒn Tá»« Xa, CÃ³ Nháº¡c Mastela Máº«u Má»›i 2018 - SG237 - HÃ ng ChÃ­nh HÃ£ng CÃ³ Báº£o HÃ nh",1999000.0,kitty_baby79,kitty_baby79
"[MuradShop] Xe nÃ´i Ä‘áº©y 2 chiá»u cho bÃ©, khung nhÃ´m chá»‘ng sá»‘c an toÃ n - Harushop168",2942000.0,HanruiShop168,harushop168
XE NÃ”I Äáº¨Y TH -58,899000.0,Cá»¬A HÃ€NG XE Äáº P DÃ‚N LÃ‚M :,tranhuytoananh
"Xe nÃ´i Ä‘áº©y 2 chiá»u cho bÃ©, khung nhÃ´m chá»‘ng sá»‘c cháº¥t liá»‡u cao cáº¥p - King Of Prussia",2940002.0,King Of Prussia,kingofprussia89
NÃ´i Ä‘Æ°a tá»± Ä‘á»™ng 2 táº§ng 3 Sao AUTORU - AUAC3S 20kg (Xanh),1790000.0,kidsmall.vn,kidsmall.vn
"Xe nÃ´i Ä‘áº©y Ä‘i bá»™ cho bÃ© Belecoo A8 2 chiá»u, 3 tÆ° tháº¿ gáº¥p gá»n (Kem - Há»“ng - Xanh - XÃ¡m)",1550000.0,Ã” tÃ´ xe Ä‘iá»‡n tráº» em KIDPRO,shopuytin888
NÃ´i Ä‘iá»‡n 2 táº§ng Long HÆ°ng.,1400000.0,giadungyenngoc247,ngocyen.0505
"Xe nÃ´i Ä‘áº©y 2 chiá»u cho bÃ©, khung nhÃ´m It Smart chá»‘ng sá»‘c - It Smart",2940000.0,IT Smart Shop,itsmartphukien2
Xe cáº©u Ä‘iá»‡n cho bÃ© yÃªu HÃ€NG LOáº I 1 2017668,439000.0,songlongplastic2017,songlongplastic2017
Thá» Nhá»“i BÃ´ng Treo Xe Äáº©y / NÃ´i Cho BÃ©,151900.0,BORIM Home & Living,tbi7.sip.vn
"Xe NÃ´i Äáº©y Em BÃ© Hai Chiá»u - Cao Cáº¥p, Tiá»‡n Lá»£i, Dá»… DÃ ng Gáº¥p Gá»n Hottrend",889000.0,littlebee.store,littlebee.store
Xe nÃ´i Ä‘áº©y 2 chiá»u 3 tÆ° tháº¿ cao cáº¥p cÃ³ khe cáº¯m bÃ¬nh nÆ°á»›c tiá»‡n dá»¥ng (model 2305-6CL) [V.Y Store SiÃªu giáº£m giÃ¡],1385000.0,V.Y Store,diy_store2019
NÃ´i nÃ´i ngá»§ chung giÆ°á»ng Summer SM91310 ( hÃ ng chÃ­nh hÃ£ng 100%),1499000.0,Baby with love,ngvtuan010480
"Xe NÃ´i Äáº©y VIP xoay 2 chiá»u cho bÃ©, khung nhÃ´m cao cáº¥p chá»‘ng sá»‘c EuroQuality ( 3 MÃ u )",3200000.0,Euro Quality,euroquality
Xe Ä‘áº©y xe nÃ´i Ä‘i bá»™ cho bÃ© cao cáº¥p BELECOO 530 2 chiá»u 3 tÆ° tháº¿ nÃ´i thÃ¡o rá»i cÃ³ giáº£m sÃ³c bÃ¡nh hÆ¡i,2050000.0,DEAL HOT SIÃŠU Ráºº,dealhot_sieure
Xe nÃ´i Ä‘áº©y xáº¿p gá»n cao cáº¥p phá»¥ kiá»‡n thuáº­n lá»£i,2950000.0,Phá»¥ Kiá»‡n Thuáº­n Lá»£i,tonyhuynh89
Xe nÃ´i Ä‘áº©y tráº» em Xiaomi Zhixing,2200000.0,Lam ChÃ¢u Techshop,lamchautechshop
XE NÃ”I Äáº¨Y A3 CHO BÃ‰,872900.0,Shop VuÃ´ng TrÃ²n 173 VÄ©nh HÆ°ng,shopvuongtron
Xe Ä‘áº©y em bÃ© 2in1 kiÃªm nÃ´i xÃ¡ch tay Mamago Platinum hÃ ng xá»‹n trÃªn thá»‹ trÆ°á»ng cá»±c hiáº¿m. New 80%.,2200000.0,hungnhung77,hungnhung77
Xe nÃ´i Ä‘áº©y cho bÃ© xáº¿p gá»n du lá»‹ch-Smart1688,2950000.0,SmartShop1688,tonyhuynh89.works
"Xe Ä‘áº©y, xe nÃ´i Ä‘i bá»™ 2 chiá»u 3 tÆ° tháº¿ Belecoo 530-329 cho bÃ© cÃ³ nÃ´i thÃ¡o rá»i, giáº£m sÃ³c bÃ¡nh hÆ¡i",5800000.0,Ã” TÃ” ÄIá»†N TRáºº EM BABY KID,otodientreembabykid
Xe Ä‘áº©y nÃ´i belecoo,1000000.0,hongduyen2108,hongduyen2108
Xe nÃ´i Ä‘áº©y,450000.0,phamanh_88,phamanh_88
Xe nÃ´i xe Ä‘áº©y em bÃ© hai chiá»u Haowei T305 báº£n cao cáº¥p hai tÆ° tháº¿ náº±m ngá»“i siÃªu nháº¹ cÃ³ thá»ƒ gáº¥p xÃ¡ch tay cho bÃ© 0-3 tuá»•i,892000.0,misamiu.kids,xuandao1991
Xe nÃ´i Ä‘áº©y cao cáº¥p cho em bÃ© máº«u 2018 táº·ng táº¥m mÃ n cháº¯n muá»—i,850000.0,SHOP ÄOÃ€N TIáº¾N,shopdoantien
"[MuradShop] Xe nÃ´i Ä‘áº©y 2 chiá»u cho bÃ©, khung nhÃ´m chá»‘ng sá»‘c an toÃ n",2940000.0,muradshop,muradshop
"Xe nÃ´i Ä‘áº©y 2 chiá»u cho bÃ©, khung nhÃ´m chá»‘ng sá»‘c cháº¥t liá»‡u",2940000.0,BÆ¡i Háº¿t VÃ o SkyLife,tonyhuynh89.sky
NÃ´i CÃ³ BÃ¡nh Xe Äáº©y Tiá»‡n Dá»¥ng DÃ nh Cho BÃ©,412000.0,Leew6,wg6d.sip.vn
"Xe nÃ´i Ä‘áº©y 2 chiá»u cho tráº» con, khung nhÃ´m chá»‘ng sá»‘c cháº¥t liá»‡u cao cáº¥p",2480000.0,itsmartphukien,itsmartphukien
[ CÃ“ Sáº´N ]  XE Äáº¨Y CHO BÃ‰ XE NÃ”I 1 CHIá»€U BA TÆ¯ THáº¾ MáºªU Má»šI GIÃ Ráºº,8000000.0,trinhlacnhi89,trinhlacnhi89
Xe nÃ´i Ä‘áº©y cao cáº¥p cho em bÃ© máº«u 2018 táº·ng táº¥m mÃ n cháº¯n muá»—i,999000.0,DOTINO VIETNAM,dotino
(3 IN 1)XE Äáº¨Y XE NÃ”I Báº¬P BÃŠNH CAO Cáº¤P,1450000.0,Bachhoauytingiare,huyenphamsp
Farlin - Xe nÃ´i Ä‘áº©y tráº» em 2 chiá»u BF889B Giáº£m sá»‘c tá»›i ngÃ y 20-9-2017,1970000.0,khobillmart,khobillmart
"Xe nÃ´i Ä‘áº©y 2 chiá»u cho bÃ©, khung nhÃ´m cao cáº¥p chá»‘ng sá»‘c",2945000.0,SUPERSTORE,quangnhan113
Xe nÃ´i Ä‘áº©y 3 tÆ° tháº¿ dÃ¡ng nhá» gá»n cháº¯c cháº¯n,500000.0,babyTkshop,babytkshop
Xe Ä‘áº©y xe nÃ´i cho bÃ© BABYBOO Q3,900000.0,Kho hÃ ng Minh An 6,khohangminhan6
YÃªn xe Ä‘áº©y gáº­p gá»n loáº¡i má»m - cÃ³ Ä‘á»‡m mÃºt vÃ  bá»c da bÃªn ngoÃ i (Bá»‹ lá»—i nháº¹),45000.0,Airstep (Shop hÃ ng chuáº©n),maivy6789
"Xe nÃ´i Ä‘áº©y 2 chiá»u cho bÃ©, khung nhÃ´m cao cáº¥p chá»‘ng sá»‘c Home and Garden",2850000.0,Home & Garden,tonyhuynh89.home
Xe nÃ´i Ä‘áº©y cao cáº¥p cho em bÃ© máº«u 2018 táº·ng táº¥m mÃ n cháº¯n muá»—i,950000.0,VÄ‚N KHÃŠ STORE,vankhestore
"Xe Ä‘áº©y cho tráº» sÆ¡ sinh, Xe nÃ´i cho bÃ©, Xe Ä‘áº©y du lá»‹ch gáº¥p gá»n, Xe Ä‘áº©y dÃ nh cho tráº» sÆ¡ sinh, Xe Ä‘áº©y 2 chiá»u",855000.0,Skc Store,skcstore
Xe NÃ´i Äáº©y MÃ£: HP-308,599000.0,tranthihong1411,tranthihong1411
Xe nÃ´i Ä‘áº©y du lá»‹ch gáº¥p gá»n Vinng,2390000.0,Tipi's Shop,tipi2901
Xe nÃ´i Ä‘áº©y 2 chiá»u,600000.0,annguyen_1889,annguyen_1889
Xe NÃ´i Xe Äáº©y Máº¯t MÃ¨o,590000.0,huonggiadung12345,huonggiadung12345
Quáº¥n cÅ©i/ xe Ä‘áº©y chÃ³ tráº¯ng ,145000.0,Honey Chan Shop,honeychan
Thanh lÃ½ - Xe Ä‘áº©y Combi Diaclass XZ600,4800000.0,Háº±ng Japan HN,hangjapanhanoi
Xe Ä‘áº©y Combi Diaclass auto 4 bÃ¡nh,3200000.0,Pesuamilu,goiannhien
XE Äáº¨Y ÄÃ”I 2 CHá»– NGá»’I - CÃ“ MÃI CHE - CÃ“ NHáº C VUI NHá»˜N,540000.0,khosidadung,khosidadung
BÃ¡nh Xe Äáº©y Em BÃ© 16 1 Inch ChuyÃªn Dá»¥ng Cháº¥t LÆ°á»£ng Cao,181700.0,djdjhfdsjd.vn,djdjhfdsjd.vn
Xe Äáº©y Mua Sáº¯m Äa NÄƒng CÃ³ Thá»ƒ Gáº¥p Gá»n Tiá»‡n Lá»£i,355000.0,dwsjyqcxs.vn,dwsjyqcxs.vn
Xe Ä‘áº©y nÃ´i,1850000.0,kikki.no,kikki.no
Xe Ä‘áº©y Ä‘Ã´i ( tÃ¡c dá»¥ng 2 in 1 cÃ³ thá»ƒ lÃ m xe Ä‘áº¡p cho bÃ©),980000.0,xesieure,xesieure
xe Ä‘áº©y 2 chiá»u 3 tÆ° tháº¿ cho bÃ©,850000.0,khohangchobe,khohangchobe
Xe Äáº©y Em BÃ© Báº±ng NhÃ´m Cá»¡ 24 Inch,1218300.0,wangsi66.vn,wangsi66.vn
Xe Ä‘áº©y cÃ³ thá»ƒ ngá»“i vÃ  náº±m xuá»‘ng vÃ  gáº¥p nháº¹ xe Ä‘áº©y tráº» em siÃªu nháº¹ Ä‘áº©y tráº» sÆ¡ sinh xe Ä‘áº©y,1900000.0,shopxedayTÄ,shopxedaytd
XE Äáº¨Y VOVO 2 CHIá»€U Gáº¤P Gá»ŒN,1550000.0,lanhuongle86_.,lanhuongle86_.
"Xe Äáº©y Du Lá»‹ch 5 BÃ¡nh Gáº¥p Gá»n, BÃ¡nh Xe CÃ³ Khung Tiá»‡n Lá»£i",325325.0,HONAMBABY BOY,muanhanh24h2020
XE Äáº¨Y VINNG CAO Cáº¤P - CHÃNH HÃƒNG - dqt1903,2150000.0,misabear90,misabear90
Thanh lÃ½ xe Ä‘áº©y Evenflo,2500000.0,skylove270993,skylove270993
Xe Ä‘áº©y cho BÃ©,570000.0,QuangHuonghg,quanghuonghg
MÃ³n quÃ  xe Ä‘áº©y cho bÃ©,275000.0,Shop Máº¹ Gáº¡o - SÃ¡ch máº¹ vÃ  bÃ©,lanhuong_96.xink
Xe Ä‘áº©y cho bÃ© Seebaby QQ1,720000.0,Nhoc&Mom,nhoc_mom1
Xe Äáº©y Em BÃ© Tiá»‡n Lá»£i 2019,1364400.0,Shd Home & Living,shdmmy.vn
Xe Ä‘áº©y du lá»‹ch gáº¥p gá»n POUCH CROM 3 tÆ° tháº¿ máº«u má»›i nháº¥t 2020,3000000.0,Tá»•ng Kho Xe Äáº©y Gáº¥p Gá»n DELAMA,trongthai1959
XE ÄÃ‚Ì‰Y GIAÌ‰ MÃ‚Y CHO BEÌ,300000.0,Bandoline,quynh.09_89
Xe nÃ´i 2 chiá»u 3 tÆ° tháº¿ FooFoo Koala,1600000.0,Foodiemart_,linhchi0809
Xe Ä‘áº©y 3 tÆ° tháº¿ Ä‘a nÄƒng (xe nÃ´i),750000.0,ngoc_diep2017,ngoc_diep2017
XE Äáº¨Y EM BÃ‰ 6083 ( MÃ u xanh dÆ°Æ¡ng + mÃ u Ä‘á») - DH CENTER,550000.0,DUY HÃ™NG CENTER,dienmayduyhungcenter
Xe Ä‘áº©y seebaby,700000.0,leelanank,leelanank
Táº¥m Che Náº¯ng Xe Äáº©y Em BÃ© HÃ¬nh Anpanman Hello Kitty Xinh Xáº¯n,1489400.0,YXIB Home & Living,yxib.sip.vn
BÃ¡nh Xe Äáº©y CÃ³ Phanh 1.5 Inch 2 Inch ChuyÃªn Dá»¥ng,99500.0,ABAO Home Living,abaoxiongmao.vn
BÃ¡nh Xe Äáº©y Cho BÃ©,709600.0,NXYX Home Life,nxyxwyfw.vn
Xe Ä‘áº©y tráº» em cao cáº¥p 2 chiá»u Baobaohao 720N ba tÆ° tháº¿ cÃ³ báº­p bÃªnh cho bÃ© 0-5 tuá»•i - ÄIá»†N MÃY PICO,1100000.0,ÄIá»†N MÃY PICO,dienmaypico
Xe Ä‘áº©y cho bÃ© Zaracos MAXELL 2606 â€“ BLUE,2274800.0,babycuabo,babycuabo
Xe Ä‘áº©y nÃ´i tek num,1950000.0,thoaphuong_04.hy,thoaphuong_04.hy
Xe Äáº©y Nhiá»u Táº§ng Äá»±ng Äá»“ DÃ¹ng Tiá»‡n Lá»£i,216700.0,chechenshi888.vn,chechenshi888.vn
Xe Ä‘áº©y gáº¥p gá»n,299000.0,hoangnguyenthienphu,hoangnguyenthienphu
[Xáº¢ Sáº¬P SÃ€N] Xe Ä‘áº©y gáº¥p gá»n cao cáº¥p V3,850000.0,Cá»‘m & Gáº¡o Shop,khohanggiadunguytin
Xe Ä‘áº©y tráº» em  Graco Modes CK Davis 7AL10DVI3  TS SRCK35 (Bao gá»“m xe Ä‘áº©y + gháº¿ Ã´ tÃ´ + chÃ¢n Ä‘áº¿),11500000.0,BÃ© Con Cá»§a Máº¹,diepanhjapan
Xe Ä‘áº©y Hot Mom,15500000.0,SuriStore123,suristoree2019
[FreeShip_Xáº£ Kho 1 NgÃ y] Xe Äáº©y 5 BÃ¡nh Gáº¥p Gá»n,311000.0,giadunganhminh12,giadunganminh12
Xe Äáº©y Mua Sáº¯m Äa NÄƒng CÃ³ Thá»ƒ Gáº¥p Gá»n Tiá»‡n Lá»£i,720300.0,Clo Home Living,clothingtrousers.vn
Thanh lÃ½ lÃ³t xe Ä‘áº©y/gháº¿ Äƒn dáº·m,40000.0,chip0868358098,chipbongxu
Xe Ä‘áº©y cho bÃ©,867000.0,bebestore14batrieu,bebestore14batrieu
Xe Ä‘áº©y BLB 769 mÃ£ má»›i 2020,680000.0,ThanhHuongbaby_215ttn,thanhhuongbaby_215ttn
Xe Ä‘áº©y Äƒn dáº·m giáº£ mÃ¢y - HÃ ng nháº­p kháº©u,690000.0,GHáº¾ Ä‚N Dáº¶M ,gheandamchobe
Thanh ly XE Äáº¨Y VOVO 1 CHIá»€U 3 TÆ¯ THáº¾ NHáº¬P KHáº¨U VÃ€ PHÃ‚N PHá»I CHÃNH HÃƒNG,1079100.0,babyshop0207,babyshop0207
Xáº¢ KHO SIÃŠU KHUYáº¾N Máº I- Ráºº Báº¤T NGá»œ Ráºº VÃ” Äá»ŠCH !!! Xe Ä‘áº©y 2 chiá»u cao cáº¥p Joovy Qatta S113,1389000.0,baby shop- Äá»“ sÆ¡ sinh,minhmeo18011997
Xe Ä‘áº©y cao cáº¥p 3 tÆ° tháº¿ cÃ³ tay xoay + phÃ¢n nhÃ¡nh + giá» Ä‘á»ƒ Ä‘á»“,320000.0,shop_mevabe123,shop_mevabe123
XE Äáº¨Y TRáºº EM 2 CHIá»€U 3 TÆ¯ THáº¾ HÃ€NG XUáº¤T ÄÃ”NG Ã‚U,790000.0,CÃ¡i GÃ¬ Cháº³ng CÃ³,minhdat68
"Xe Ä‘áº©y 5 bÃ¡nh gáº¥p gá»n,xe Ä‘áº©y du lá»‹ch, xe Ä‘áº©y siÃªu thá»‹ cho bÃ©",350000.0,ONILE.24H,vuongkhailinh
SIÃŠU KHUYáº¾N Máº I- Ráºº Báº¤T NGá»œ Ráºº VÃ” Äá»ŠCH !!! Xe Ä‘áº©y 2 chiá»u cao cáº¥p Joovy Qatta S113 - Äá»,1584600.0,meokid vua Ä‘Ã´ chÆ¡i tráº» em,meokid_vua_do_choi_thong_minh
BÃ n Äáº¡p Xe Äáº©y Em BÃ© Báº±ng Nhá»±a MÃ u Äen Tiá»‡n Dá»¥ng,47040.0,prince.vn,prince.vn
XE Äáº¨Y 2 CHIá»€U KHUNG NHÃ”M CÃ“ BÃ€N Ä‚N,1150000.0,sss_sky,sss_sky
Xe Ä‘áº©y Aprica Soraria 4 bÃ¡nh xoay,3900000.0,nn.house.vn,nn.house.vn
"Xe Ä‘áº©y 2 chiá»u cao cáº¥p, sang trá»ng",1790000.0,sieu_thi_me_be_kiddymart,sieu_thi_me_be_kiddymart
[ nhiá»u mÃ u] Xe Ä‘áº©y 2 chiá»u 3 tÆ° tháº¿ 109,650000.0,trenduongbang90,trenduongbang90
xe Ä‘áº©y v2 cho bÃ©,840000.0,Baby_Shop_TB,megau201o
Xe Äáº©y Gluck B6,900000.0,synnho,synnho
[GIÃ SIÃŠU HOT] Xe Ä‘áº©y dáº¡o chÆ¡i cÃ³ nháº¡c - 65 x 60 x 49cm,339690.0,tadystore9,dulichkyviet9
(phuchiu2402) Xe Ä‘áº©y 2 chiá»u 3 tÆ° tháº¿ - gáº¥p gá»n tiá»‡n lá»£i cho bÃ©,800000.0,phuchiu24022018,phuchiu24022018
"Xe Ä‘áº©y Ä‘i dáº¡o cao cáº¥p 2 chiá»u Baobaohao Only V1, V3 Plus",2355000.0,Hieu Hieu 012,hieupham013
Xe Ä‘áº©y cao cáº¥p- GIáº¢M Sá»C - Gáº¤P Gá»ŒN MANG THEO - Báº£o hÃ nh 24 thÃ¡ng,2681000.0,DoChoiCunCung,huongkienshop
Xe Ä‘áº©y 2 chiá»u Gluck C8 mÃ u xanh da trá»i,1790000.0,Airstep,airstep
Xe Ä‘áº©y seebaby T11 plus mÃ u Ä‘á»,1000000.0,luyenmyhien,luyenmyhien
Thanh lÃ½ xe Ä‘áº©y,400000.0,tranthithuykieu1,tranthithuykieu1
[CÃ³ Sáºµn]Xe Ä‘áº©y du lá»‹ch gáº¥p gá»n Delama Denim 3 tÆ° tháº¿ máº«u má»›i nháº¥t 2020,3300000.0,Kho Xe Äáº©y Gháº¿ Ä‚n Äiá»‡p Trang,tonyyeuthuong
Xe Ä‘áº©y 5 bÃ¡nh,280000.0,chinsumang,chinsumang
Xe Ä‘áº©y gluck baby b6 Ä‘á»,993300.0,KIMTHUY,kimthuybaby
Xe Ä‘áº©y du lá»‹ch siÃªu nháº¹ Ná»™i Ä‘á»‹a Nháº­t ( gáº¡t qua xem thÃªm hÃ¬nh ),500000.0,ğŸ’• SHOP THANH LÃ ğŸ’•,shopthanhly11397
Xe Äáº©y 2 chiá»u 3 tÆ° tháº¿,850000.0,thuy9698,thuy9698
Xe Äáº©y Cho BÃ© 2 Chiá»u 3 TÆ° Tháº¿ Äa NÄƒng,1079000.0,TÃ­t TÃ¡o,giahantit
Xe Ä‘áº©y 2 chiá»u,280000.0,thuynguyen1051987,thuynguyen1051987
Xe Äáº©y Em BÃ© Äa NÄƒng HÃ¬nh Äá»™ng Váº­t Dá»… ThÆ°Æ¡ng,163500.0,zsq70.vn,zsq70.vn
Xe Ä‘áº©y du lá»‹ch hauck,350000.0,mebeboy91,mebeboy91
Táº¥m trÃ¹m nÃ´i xe Ä‘áº©y chá»‘ng náº¯ng chá»‘ng giÃ³ cho em bÃ©,176080.0,ohmybaby.vn,ohmybaby.vn
Xe Ä‘áº©y nÃ´i cho bÃ© mÃ£ 630 nhÃ£n hiá»‡u BAOBAOHAO,650000.0,maingoc070912,maingoc070912
Xe nÃ´i xe Ä‘áº©y em bÃ© Haowei D703 siÃªu nháº¹ siÃªu mÃ¡t siÃªu thoÃ¡ng cÃ³ thá»ƒ gáº¥p xÃ¡ch tay giáº£m sÃ³c tá»‘t cho bÃ© 0-3 tuá»•i DTA,999000.0,Megaplaza,tuananh21041992
Xe Ä‘áº©y V4 2 chiá»u 3 tÆ° tháº¿ gáº¥p siÃªu gá»n Novaâ€™sChild,1670400.0,NOVA's CHILD,vrtran
"[MuradShop] Xe nÃ´i Ä‘áº©y 2 chiá»u cho bÃ©, khung nhÃ´m chá»‘ng sá»‘c an toÃ n - The Rainbow",2940000.0,The Rainbow,therainbow168
Xe nÃ´i Ä‘áº©y cÃ³ nháº¡c cho bÃ©,399000.0,vunhung3009,vunhung3009
ThÃº BÃ´ng Treo Xe Äáº©y/NÃ´i Cho BÃ©,72820.0,jumila.vn,jumila.vn
Táº¥m chÄƒnváº£i Ä‘áº­y xe nÃ´i Ä‘áº©y cho em bÃ© sÆ¡ sinh Ä‘a chá»©c nÄƒng,134250.0,julylink.vn,julylink.vn
Xe Ä‘áº©y hai chiá»u káº¿t há»£p nÃ´i cho bÃ© ZARACOS ZIPPY 8186 DARK BROWN,5030000.0,MrBeoSoNax,mrbeo9889
Xe nÃ´i xe Ä‘áº©y em bÃ© báº£n cao cáº¥p Wisesonle 9916F-A6 siÃªu nháº¹ giáº£m sÃ³c 0-3 tuá»•i -AL,1150000.0,duongdanhtra,duongdanhtra
"SÃ i gÃ²n Thanh lÃ½ NÃ´i xe Ä‘áº©y, ngá»§ chung giÆ°á»ng,...Uppababy tá»« Má»¹",1650000.0,linhlove79,linhlove79
Xe Ä‘áº©y tráº» em Graco Blox Black Yellow,3650000.0,Táº¡p hÃ³a cá»§a XiK@,ngannts
"Xe Äáº©y Du Lá»‹ch 5 BÃ¡nh Gáº¥p Gá»n, BÃ¡nh Xe CÃ³ Khung Tiá»‡n Lá»£i",591500.0,KHOBUONHOABINH,khobuonhoabinh
Xe Ä‘áº©y Mega Ride Deluxe Combi Nháº­t Báº£n,15752000.0,sieuthimebond,sieuthimebond
Phá»¥ Kiá»‡n BÃ¡nh Xe Äáº©y Em BÃ© 1.5 / 2 / 1.5 / 2 Cháº¥t LÆ°á»£ng Cao,280000.0,Ying Feng Shop,jg8i.sip.vn
Xe Äáº©y 5 BÃ¡nh Gáº¥p Gá»n [áº¢NH THáº¬T],530000.0,Äá»’ GIA Dá»¤NG HOT,do_gia_dung_hot
"NÃ´i+ giÆ°á»ng gáº¥p + xe Ä‘áº©y em bÃ©, 3 trong 1, vá»¯ng cháº¯c bá»n bá»‰ + gáº¥p nhá» gá»n",1150000.0,quang_chau_1,quang_chau_1
Xe Ä‘áº©y 2 chiÃªÌ€u 3 TÆ¯ thá»ƒ cÃ³ nháº¡c,720000.0,tham.0307,tham.0307
Xe Ä‘áº©y 2 chiá»u cho bÃ© 0-3 tuá»•i khung nhÃ´m cao cáº¥p SUV Comfortable mÃ u kem cao cáº¥p 2019 - King's Garden,1940000.0,King's Garden,kinggarden889
Xe Ä‘áº©y V3 BaoBaohao 2 chiá»u tiá»‡n lá»£i cho bÃ©,925000.0,CarynShop,nguyengiathuyet
XE Äáº¨Y 5 BÃNH KIá»‚U Má»šI TAY CONG [ Kho sá»‰ ],442874.0,VÄƒn ThÃ´ng Phá»¥ Kiá»‡n,vanthog21
Xe Ä‘áº©y 2 chiá»u 3 tÆ° tháº¿ Cao cáº¥p 109 (Táº·ng mÃ n chá»‘ng muá»—i) (CÃ³ nháº¡c + bÃ n Äƒn dáº·m + phanh chÃ¢n + giá» Ä‘á»“),410000.0,Shoponlinegiare24h,shoponlinegiare24h
"Xe Ä‘áº©y 1 chiá»u Baobaohao 722D cÃ³ Ä‘á»“ chÆ¡i, chá»— Ä‘á»ƒ cá»‘c bÃ¬nh",530000.0,SiÃªu Thá»‹ 24/7 Online,sieuthioto
Xe Äáº©y NÆ°á»›c TÆ°á»›i CÃ¢y Cá»¡ Lá»›n Cho BÃ©,258500.0,mncmzd.vn,mncmzd.vn
"Khay Xe Äáº©y Em BÃ© Äa NÄƒng Chá»‘ng NÆ°á»›c
Xe Äáº©y Em BÃ© CÃ³ BÃ¡nh Xe KÃ©o Tiá»‡n Dá»¥ng
YÃªn Xe Äáº¡p Cháº¥t LÆ°á»£ng Cao ChuyÃªn DÃ¹ng",409300.0,QUEJ Home & Living,quejue.vn
3 BÃ¡nh Xe Äáº©y Cá»¡ 4 Inch CÃ³ Phanh ChÃ¢n,432500.0,yong3007.vn,yong3007.vn
XE Äáº¨Y 2 CHIá»€U TRáºº EM BLB 702,890000.0,jamyshoang,jamyshoang
ğŸ‘‰ğŸ˜˜Xe Ä‘áº©y Vovo 2 chiá»u- PhiÃªn báº£n má»›i kÃ¨m cháº¯n náº¯ngğŸ‘ª,1550000.0,HITICARE,hiticare
xe Ä‘áº©y combi gapaseo má»›i 90%,2800000.0,aile1990,aile1990
Xe Ä‘áº©y cho bÃ©,610000.0,Tuyenpc47,tuyenpc47
Xe Ä‘áº©y inglesina cao cáº¥p hÃ ng italia,1200000.0,shopsuanhat,hatrang1006
"âš¡[CHÃNH HÃƒNG]âš¡ Free ship toÃ n quá»‘c Xe Ä‘áº©y cho bÃ© HUAYING ,Xe Ä‘áº©y em bÃ© 2 chiá»u 3 tÆ° tháº¿ mÃ u Ä‘á» -XDHY001",1195000.0,NCKD Hongxin,dangninhhn
[ Æ¯u ÄÃ£i GiÃ¡ Gá»‘c ] Xe Ä‘áº©y 5 bÃ¡nh gáº¥p gá»n thÃ´ng minh [chuáº©n loáº¡i 1],299000.0,siÃªu thá»‹ Minh Anh 3,giadungminhanh123
Xe Ä‘áº©y cho bÃ© 1 chiá»u gáº¥p gá»n,750000.0,tamdongthaongoc,tamdongthaongoc
Phá»¥ kiá»‡n xe Ä‘áº©y skinlee,500000.0,Linh Äan Kids Mart,phuong.phuong4392
Xe Äáº©y ThÃº CÆ°ng SiÃªu Nháº¹ Gáº¥p Gá»n Tiá»‡n Dá»¥ng,1915600.0,jinlongshan.vn,jinlongshan.vn
Xe Äáº©y Em BÃ© Gáº¥p Gá»n Tiá»‡n Lá»£i,162400.0,ohmygods.Mom&baby,ohmygods.vn
Xe Ä‘áº©y 5 bÃ¡nh gáº¥p gá»n,415000.0,tongkhogiadunghanoi68,tongkhogiadunghanoi68
Xe Ä‘áº©y Vinng,1650000.0,ShopThanhTrang111,mebinbo20142016
Xe Äáº©y 4 BÃ¡nh CÃ³ Thá»ƒ Gáº¥p Gá»n Tiá»‡n Lá»£i,696100.0,SHIN Home Living,shiningname.vn
Xe Ä‘áº©y seebaby,1700000.0,tygontrang123,tygontrang123
Xe Ä‘áº©y tráº» em Joie Litetrax 4 W/ RC Deep Sea,4770000.0,SiÃªu Thá»‹ HÃ ng Nháº­t,sieuthihangnhat.com
Gháº¿ Ngá»“i Xe Äáº©y Em BÃ© Kiá»ƒu HÃ n Quá»‘c Tiá»‡n Dá»¥ng Mang Äi Du Lá»‹ch,446000.0,GREEN Home & Living,greeeenliu.vn
BÃ¡nh Xe Äáº©y Em BÃ© Báº±ng Nylon KÃ­ch ThÆ°á»›c 6 Inch 8 Inch,288200.0,l0xxq.vn,l0xxq.vn
Xe Ä‘áº©y Combi Neyo Plus Air mÃ u  jet black/ xanh navy/ Ä‘á»,11500000.0,Mamanbebe_hanoi,mamanbebehanoi
Xe Äáº©y Em BÃ© SiÃªu Nháº¹,875900.0,wksid25976.vn,wksid25976.vn
Xe Ä‘áº©y cho bÃ©,785000.0,PHÆ¯á»šCBIN,quynhduongyb90
Phá»¥ Kiá»‡n Xe Äáº©y Em BÃ©,281000.0,zssyhtj1.vn,zssyhtj1.vn
Xe Äáº©y 4 BÃ¡nh SiÃªu Nháº¹ ThoÃ¡ng KhÃ­ CÃ³ Thá»ƒ Gáº¥p Gá»n Cho ThÃº CÆ°ng,1455800.0,hu5969333.vn,hu5969333.vn
Xe Äáº©y CÃ³ Thá»ƒ Gáº¥p Gá»n Tiá»‡n Lá»£i DÃ nh Cho NgÆ°á»i Lá»›n Tuá»•i,820100.0,TTJH Home Living,ttjhmy.vn
Xe Ä‘áº©y cao cáº¥p cho bÃ©,650000.0,greenhouse1234,greenhouse1234
Xe Ä‘áº©y cho bÃ©,770000.0,txstyle.vn,txstyle.vn
Xe Ä‘áº©y 4 bÃ¡nh xoay chiá»u ONLY V3 cho bÃ©,950000.0,NVC-BABY,phong321991
Mua 2 Xe Äáº©y Mua Sáº¯m Äa NÄƒng CÃ³ BÃ¡nh Xe,284900.0,Biwwi Home & Living,8bw685.vn
Xe Äáº©y Em BÃ© MÃ u Há»“ng CÃ³ Thá»ƒ Gáº¥p Gá»n,175000.0,ğŸ’•Children ToysğŸ’•,colaxi1.vn
XE Äáº¨Y CHO BÃ‰ HÃ€NG Äáº¸P,649000.0,Dochoichobe33,dochoichobe33
XE Äáº¨Y EM BÃ‰ TIá»†N Dá»¤NG CHáº®C CHáº®N,579000.0,VIZA SHOP,tt.shoppe
Xe Äáº©y Äá»±ng Äá»“ Äa NÄƒng CÃ³ Thá»ƒ Gáº¥p Gá»n Tiá»‡n Lá»£i,590000.0,rwq6688.vn,rwq6688.vn
Xe Ä‘áº©y gáº¥p gá»n cao cáº¥p Vinng,2190000.0,Máº¹ Lam-CHÄ‚M SÃ“C Máº¸ VÃ€ BÃ‰,duongcaubinhan
Xe Ä‘áº©y hai chiá»u cao cáº¥p - xeÄ‘áº©y cho bÃ©,678000.0,SiÃªuThá»‹Tráº»EM,hww6zxc6w7
TL XE Äáº¨Y DU Lá»ŠCH SEEBABY,500000.0,buithichi2018,buithichi2018
Xe Ä‘áº©y cá»§a bÃ© Nguyá»‡t,400000.0,XuanDieu679,xuandieu679
Táº¥m LÆ°á»›i Ren ThÃªu Há»a Tiáº¿t Xinh Xáº¯n Trang TrÃ­ Xe Äáº©y Em BÃ©,10100.0,JUST Fashion Accessories,justbestfit1.vn
BÃ¡nh Xe Äáº©y Em BÃ© 2 Inch,237700.0,O74B Camera Accessories,o74b.sip.vn
Táº¥m Bá»c ChÃ¢n Xe Äáº©y Em BÃ© Chá»‘ng GiÃ³ Tiá»‡n Dá»¥ng,472500.0,nancy2248.vn,nancy2248.vn
Xe Äáº©y Äá»±ng Äá»“ CÃ³ Thá»ƒ Gáº¥p Gá»n Tiá»‡n Lá»£i,1085500.0,a659755132.vn,a659755132.vn
Thanh lÃ½ xe Ä‘áº©y cho bÃ©,400000.0,duong1989_shop,duong1989_shop
KhÄƒn trÃ¹m xe Ä‘áº©y in hoáº¡ tiáº¿t Ä‘á»™c Ä‘Ã¡o dá»… thÆ°Æ¡ng cho bÃ©,119000.0,raiseing.vn,raiseing.vn
Xe Äáº©y Mua Sáº¯m Chá»‘ng MÆ°a Gáº¥p Gá»n Tiá»‡n Lá»£i,418400.0,maqiang123.vn,maqiang123.vn
Xe Äáº©y SiÃªu Nháº¹ CÃ³ Thá»ƒ Gáº¥p Gá»n Tiá»‡n Lá»£i,574000.0,huweiweib19.vn,huweiweib19.vn
Xe Ä‘áº©y tráº» em 3 trong 1 FOOFOO S611 - ChÃ­nh HÃ£ng,3378700.0,shop.thanhpham,shop.thanhpham
Xe Äáº©y 3 BÃ¡nh Gáº¥p Gá»n ThÃ´ng Minh Cho BÃ© [SiÃªu Khuyáº¿n MÃ£i],285000.0,Oanh Pháº¡m 9x,xehay1009
Xe Ä‘áº©y siÃªu gá»n nháº¹ Baby Stone chÃ­nh hÃ£ng ná»™i Ä‘á»‹a cao cáº¥p em bÃ©,1550000.0,nganlaocai94,nganlaocai94
XE ÄÃ‚Ì‰Y 3 BAÌNH GÃ‚ÌP GOÌ£N Táº¶NG GIá» XE [ Kho sá»‰ ],369358.0,ÄÃ´ng QuÃ¢n TV,dongquantv
Xe Äáº©y Em BÃ© MÃ u Há»“ng,123300.0,Qing Home Living,qingqumeimei.my.vn
Xe Äáº©y Em BÃ© Nhiá»u Táº§ng CÃ³ Thá»ƒ Di Chuyá»ƒn Tiá»‡n Lá»£i,341600.0,3900 Home Living,39007268a.vn
Bá»c quáº¥n xe Ä‘áº©y em bÃ© báº£o vá»‡ an toÃ n tiá»‡n dá»¥ng,113850.0,innlike.vn,innlike.vn
Xe Ä‘áº©y du lá»‹ch gáº¥p gá»n V1,1300000.0,Gia dá»¥ng SiÃªu Ráº» BÃ  Rá»‹a,xipofamily
Xe Ä‘áº©y VOVO TRAVEL 2018 chÃ­nh hÃ£ng,1400000.0,Shop ikid,ikidsmall
Xe Äáº©y 2 Chiá»u BaoBaoHao Only V3 gáº¥p gá»n tiá»‡n lá»£i vÃ²ng Ä‘ai an toÃ n.,950000.0,KHO GIA Dá»¤NG 6688,minhduongshop2018
Set 2 Miáº¿ng Bá»c Tay Cáº§m Xe Äáº©y Em BÃ©,57102.0,joomkey.vn,joomkey.vn
Xe Äáº©y CÃ³ Thá»ƒ Gáº¥p Gá»n Tiá»‡n Lá»£i,461100.0,ZJLD Home Living,zjldfzkj.vn
Xe Ä‘áº©y VOVO 1 chiá»u - táº·ng chiáº¿u Ä‘iá»u hÃ²a,1550000.0,SUNkids - 48PhucLoc - 253CaoLo,pmhang
XE Äáº¨Y CAO Cáº¤P AP115 MÃ€U Äá» CHO BÃ‰,1268000.0,susu kids 21,tuan06701
Xe Ä‘áº©y VOVO 2 chiá»u 3 tÆ° tháº¿,1576800.0,Shop Máº¹ Thá» My,shopmethomy
Xe Äáº©y Em BÃ© Äi Biá»ƒn Xialan 02 Cháº¥t Liá»‡u DÃ y Dáº·n,306000.0,Xiaoan02,nqie.sip.vn
Xe Ä‘áº©y du lá»‹ch Ä‘áº£o chiá»u Viing,1599200.0,HÆ°Æ¡ng BabyCare,huongbabycare2012
Xe Ä‘áº©y em bÃ© Cao Cáº¥p,901000.0,shopsuagiare123456,shopsuagiare123456
Xe Ä‘áº©y SeeBaby T11A,600000.0,thanhhuong153,thanhhuong153
Xe Äáº©y Em BÃ© KhÃ´ng Äá»™c Háº¡i,175760.0,willss.vn,willss.vn
Xe Äáº©y Em BÃ© 05 X Gáº¥p Gá»n Tiá»‡n Dá»¥ng,1751700.0,ymo2.sip.vn,ymo2.sip.vn
Xe Äáº©y Em BÃ© Báº±ng Gá»— Kiá»ƒu DÃ¡ng Cá»• Äiá»ƒn,377900.0,lhz999.vn,lhz999.vn
Thanh lÃ½ xe Ä‘áº©y Ä‘Ã´i zaracos nÃ¢u,2700000.0,nkool312,nkool312
Xe Äáº©y SiÃªu Nháº¹ Cho BÃ©,853100.0,wenzhi_shop.vn,wenzhi_shop.vn
XE Äáº¨Y 2 CHIá»€U BELECOO CHÃNH HÃƒNG - dqt1904,1550000.0,megauvidai1,megauvidai1
(Ä‘ang BÃ¡n) Bá»™ Sáº£n Pháº©m Xe Äáº©y Em BÃ© 6-12%,504900.0,liusujia.vn,liusujia.vn
Xe Ä‘áº©y 5 bÃ¡nh gáº¥p gá»n,320000.0,HOANG HUONG,huonghoangmc
Xe Ä‘áº©y gáº¥p gá»n - Xe Ä‘áº©y Vovo 2018,1650000.0,Gháº¿ rung Fisher Price,lienliennt
Xe Ä‘áº©y du lá»‹ch gáº¥p gá»n 4 bÃ¡nh cho bÃ©,469000.0,Tá»•ng Kho Gia Dá»¥ng Miá»n Báº¯c ,tokhogiadungmienbac
Xe Ä‘áº©y 5 bÃ¡nh gáº¥p gá»n cho bÃ©,315000.0,giadungthongminh1368,giadungthongminh1368
Phá»¥ Kiá»‡n BÃ¡nh Xe Äáº©y CÃ³ Máº­t Kháº©u Tiá»‡n Lá»£i,206600.0,ncethh.vn,ncethh.vn
Xe Äáº©y Äá»±ng Rau Cá»§ Nhiá»u Táº§ng CÃ³ BÃ¡nh Xe Äáº©y Tiá»‡n Dá»¥ng,1267400.0, FIPK Home & Living,fipk.sip.vn
Sale Xe Ä‘áº©y du lá»‹ch baobaohao CÃ³ sáºµn,1000000.0,ANHTHAO1991,anhthao1991
Xe Ä‘áº©y 5 bÃ¡nh  cho bÃ©,150000.0,nguyenlinhchi.99,nguyenlinhchi.99
LÆ°á»›i trÃ¹m xe Ä‘áº©y chá»‘ng muá»—i tiá»‡n dá»¥ng báº£o vá»‡ tráº» em,30750.0,deamos.vn #Baby #pregnant,deamos.vn
"Xe Äáº©y Du Lá»‹ch 5 BÃ¡nh Gáº¥p Gá»n, BÃ¡nh Xe CÃ³ Khung Tiá»‡n Lá»£i",359000.0,bibomax2020,bibomax2020
Xe Ä‘áº©y cho bÃ©,350000.0,Yennguyen9418,yennguyen9418
Thanh lÃ½ Xe Ä‘áº©y Combi Mechacal Handy 4cas,4500000.0,sapphire0912,sapphire0912
Phá»¥ Kiá»‡n Báº£o TrÃ¬ Cho Vali Xe Äáº©y Em BÃ© Tiá»‡n Lá»£i,110200.0,Matcha grocery ,c3jt.sip.vn
Xe Äáº©y Em BÃ© Báº±ng Sáº¯t Da Pu Kiá»ƒu HÃ n Quá»‘c KÃ­ch ThÆ°á»›c 6 Inch,456200.0,WJMM Suitcase Accessories,wjmmzmbcxks.vn
Xe Ä‘áº©y gáº¥p gá»n thÃ´ng minh,310000.0,meotuyet2952,meotuyet2952
Táº¥m Váº£i Oxford Bá»c Báº£o Vá»‡ BÃ¡nh Xe Äáº©y Em BÃ©,36875.0,BlingBling ,kkbgood.vn
xe Ä‘áº©y CAVOLF cao cáº¥p 1 chiá»u gáº¥p gá»n - mÃ u ghi - chÃ­nh hÃ£ng -khÃ´ng há»™p,1119900.0,máº¹ vÃ  con yÃªu shop,mevabesosinh
Xe Äáº©y SiÃªu Nháº¹ Báº±ng Há»£p Kim NhÃ´m Cao Cáº¥p Tiá»‡n Dá»¥ng,831500.0,fuhong clothes mall,xrtx.sip.vn
Xe Äáº©y Nhiá»u MÃ u Sáº¯c Cho BÃ©,131800.0,zhuanqian888.vn,zhuanqian888.vn
Xe Ä‘áº©y v1 xoay 360 Ä‘á»™,900000.0,tunglam8666,tunglam8666
Xe Ä‘áº©y Ä‘i bá»™ 2 chiá»u Baobaohao,1450000.0,mytra.tn,mytra.tn
Xe Ä‘áº©y Aprica Soria 4 bÃ¡nh xoay 360 hÃ ng ná»™i Ä‘á»‹a Nháº­t,3400000.0,xedayembegiare,xedayembegiare
Xe Äáº©y 5 bÃ¡nh gáº¥p gá»n,255000.0,KIZMART VT,vubichlien83
Xe nÃ´i Aprica Monternapoleone 27 thanh lÃ½,3500000.0,megialac,megialac
Xe Ä‘áº©y 5 bÃ¡nh gáº¥p gá»n,320000.0,Háº¡nh91,giahuy14092016
THANH LÃ XE Äáº¨Y 2 CHIá»€U,700000.0,lan.huong97,lan.huong97
[FreeShip_Xáº£ Kho 1 NgÃ y] Xe Äáº©y 5 BÃ¡nh Gáº¥p Gá»n,310000.0,giadung_giare2512,giadung_giare2512
XE Äáº¨Y CHO BÃ‰ HAI CHIá»€U BONBÃ‰BÃ‰ BB-24,1750000.0,Weaning House,weaninghouse
[FreeShip_Xáº£ Kho 1 NgÃ y] Xe Äáº©y 5 BÃ¡nh Gáº¥p Gá»n,305000.0,giadunganhung_0602,giadunganhung_0602
Xe Ä‘áº©y 2 chiá»u 3 tÆ° tháº¿ cao cáº¥p cho bÃ© yÃªu ğŸ’•,1399000.0,myphan12345,myphan12345
Xe Ä‘áº©y 2 chiá»u cao cáº¥p Joovy Qatta S113,1390000.0,ibabyking,ibabyking
Xe Ä‘áº©y cho bÃ©,2500000.0,Sunflower86's Shop,sunflower86
Chá»— Ä‘á»ƒ chÃ¢n gáº¯n trÃªn xe Ä‘áº©y em bÃ©,293000.0,JKL.store,wiubjiofd12.vn
"Xe Äáº©y Du Lá»‹ch 5 BÃ¡nh Gáº¥p Gá»n, BÃ¡nh Xe CÃ³ Khung Tiá»‡n Lá»£i",591500.0,CHUYáº¾N Sá»ˆ BÃŒNH MINH,tongkhohanggiadung
Xe Äáº©y Mua Sáº¯m SiÃªu Nháº¹ CÃ³ Thá»ƒ Gáº¥p Gá»n Tiá»‡n Lá»£i,426700.0,HEZHONG Home & Living Shop,hezhonghuizu.vn
Xe Ä‘áº©y tráº» em cao cáº¥p chÃ­nh hÃ£ng 2 chiá»u,850000.0,obaby,obaby2019
[Thanh lÃ½] Xe Ä‘áº©y tráº» em hÃ ng hiá»‡u Maclaren Triumph - MÃ u tÃ­m sáº­m,1150000.0,hanshopvn,hanshopvn
Xe Ä‘áº©y siÃªu hÃ³t cho bÃ© kt k,490000.0,DÆ¯á»¢C PHáº¨M NHáº¬P KHáº¨U,vagabondhn
Xe Ä‘áº©y em bÃ©,255000.0,thuhuyen.21,thuhuyen.21
Xe Ä‘áº©y 3 bÃ¡nh 2 trong 1,978000.0,"Shop chuyÃªn sá»‰,láº»  sá»¯a vÃ  bá»‰m",xetreemgiagoc
XE Äáº¨Y VOVO 2 CHIá»€U,1800000.0,VY VY BABY & FAMILY STORE,vyvyvan1211
Set 6 BÃ¡nh Xe Äáº©y Em BÃ© Äa NÄƒng Tiá»‡n Dá»¥ng,21000.0,aosuoas.vn,aosuoas.vn
Xe Ä‘áº©y 2 chiá»u 3 tÆ° tháº¿ cho bÃ©,639000.0,thuythuy998,thuythuy998
Xe Ä‘áº©y 5 bÃ¡nh siÃªu nháº¹,650000.0,Thucuc,baccuabi
XE ÄÃ‚Ì‰Y ÄA NÄ‚NG WISESOLE  2 CHIÃŠÌ€U 3 TÆ¯ THÃŠ ( INBOX & 0889982628 ÄÃŠÌ‰ CHOÌ£N MAÌ€U ),1100000.0,HÆ°ng shop94 ÄÃ´Ì€ nÃ´Ì£i Ä‘ia trung,duyhungcnlc
( ráº» vÃ´ Ä‘á»‹ch ) Xe Ä‘áº©y 2 chiá»u 3 tÆ° tháº¿ cÃ³ nháº¡c cho bÃ©p,719500.0,shopdochoigiarecuc,shopdochoigiarecuc
[Trá»£ giÃ¡] Sá»‰ xe Ä‘áº©y cÃ³ mÃ¡i che cao cáº¥p máº«u má»›i,275000.0,shanshantown,shanshantown
Xe Ä‘áº©y 5 bÃ¡nh.xe du lá»‹ch gáº¥p gon,280000.0,nhamtuyet012,nhamtuyet012
THANH LÃ XE Äáº¨Y Infantasy Ná»˜I Äá»ŠA NHáº¬T,2200000.0,thanhnha8088,thanhnha8088
Xe Ä‘áº©y cho tráº»,1000000.0,nashop388,nashop388
XE Äáº¨Y CÃ€U Vá»’NG CHO BÃ‰ Tá»ª 3 THÃNG-3 TUá»”I,346500.0,KHO Äá»’ CHÆ I Sá» 1,son_shops
XE Äáº¨Y Äáº¢O CHIá»€U Gáº¤P Gá»ŒN V3,820000.0,Suzy Baby - Äá»“ sÆ¡ sinh cÆ¡ sá»Ÿ 2,lananh_hn_99
Xe Ä‘áº©y 2 chiá»u 3 tÆ° tháº¿ Belecoo,1000000.0,hanhhuynh20488,hanhhuynh20488
Xe Ä‘áº©y tráº» em Mastela A2 - ChÃ­nh hÃ£ng,990000.0,ShizuShop,shizushop1
xe Ä‘áº©y 2 chiá»u 3 tÆ° tháº¿ (cÅ©),400000.0,hoasim177,hoasim177
XE Äáº¨Y HAI CHIá»€U SIÃŠU Gá»ŒN NHáº¸ JOOVY QATTA,1930000.0,Bali Baby,bali.baby
Xe Ä‘áº©y 2 chiá»u siÃªu nháº¹ Premium hiá»‡u Mastela T05S mÃ u nÃ¢u,1759200.0,Báº£o TrÃ¢m baby,dodungchobe.mastela.winfun
LÆ°á»›i phá»§ xe Ä‘áº©y em bÃ© chá»‘ng muá»—i,25400.0,BabyShower,babyshower.vn
XE Äáº¨Y CÃ“ MÃI CHE CHO BÃ‰ ğŸ˜˜ğŸ˜˜,539000.0,Shop Báº£oTrang,yah95
Xe Ä‘áº©y Ä‘i bá»™ 2 chiá»u V3 gáº¥p gá»n cho bÃ©,950000.0,Hana Baby,ngacoiiii
Xe Ä‘áº©y 5 bÃ¡nh,270000.0,havanguong,havanguong
[ nhiá»u mÃ u] Xe Ä‘áº©y 2 chiá»u 3 tÆ° tháº¿ 109,650000.0,thiennhanfullstore,thiennhanfullstore
Xe Ä‘áº©y vovo gáº¥p gá»n,1550000.0,ChuyÃªn sÆ¡ sinh Minh KhÃ´i,trang0974
V3 chÃ­nh hÃ£ng (cÃ³ Ä‘á»‡m) Xe Ä‘áº©y 2 chiá»u gáº¥p gá»n baobaohao only V3 cÃ³ Ä‘á»‡m,939000.0,dattran1706,dattran1706
XE Äáº¨Y 4 BÃNH THÃ”NG MINH Gáº¤P Gá»ŒN,480000.0,trangtuan8687,trangtuan8687
Xe Ä‘áº©y cao cáº¥p Thule Sleek + Bassinet - Grey Melange,30050000.0,TL Vietnam,hungvupham2911
XE Äáº¨Y Gáº®P Gá»ŒN  CHIá»€U Baobaohao V3,807500.0,onlinesieuree,onlinesieuree
Xe Ä‘áº©y Ä‘i bá»™ 2 chiá»u gáº¥p gá»n KIDVIET-PRO Baobaohao Only V3 cho bÃ© (Äen),830000.0,shopben0789,shopben0789
Thanh lÃ½ xe Ä‘áº©y du lá»‹ch 2 chiá»u,900000.0,Tiá»‡m bÃ¡ch HoÃ¡ NANA,huongdoan237
Xe Äáº©y CÃ³ Thá»ƒ Gáº¥p Gá»n Tiá»‡n Lá»£i,1269900.0,zhanggaa.vn,zhanggaa.vn
"xe Ä‘áº©y 2 chiá»u 3 tÆ° tháº¿, gáº¥p gá»n, bÃ¡nh xe chá»‘ng sá»‘c, tai thá»",658500.0,MeBe-Shop,thoitrangsulamit
Xe Ä‘áº©y cho bÃ©,300000.0,Nam Nhi 3105,tuyetnhi201294
Xe Ä‘áº©y 2 chiá»u 3 tÆ° tháº¿ 709n táº·ng mÃ n che muá»—i,990000.0,phamngocson83,phamngocson83
Mua 2 Xe Äáº©y Mua Sáº¯m Äa NÄƒng CÃ³ Thá»ƒ Gáº¥p Gá»n Tiá»‡n Lá»£i,88000.0,MLJS Grocery,mljs.sip.vn
"Xe Äáº©y Du Lá»‹ch 5 BÃ¡nh Gáº¥p Gá»n, BÃ¡nh Xe CÃ³ Khung Tiá»‡n Lá»£i",325325.0,Äá»’ CHÆ I TRáºº THÆ .,dochoitretho2020
Xe Ä‘áº©y 2 chiá»u cao cáº¥p siÃªu nháº¹ Joovy,1350000.0,Pankyo - Mom and Baby Shop,pankyoshop
Xe Ä‘áº©y MECHACAL HANDY 2CAS MATCHA COMBI Nháº­t Báº£n,8900000.0,ATB_MART,nguyenkhanhtron
BÃ¡nh Xe Äáº©y CÃ³ Máº­t Kháº©u ChuyÃªn Dá»¥ng Cho Va Li KÃ©o,176900.0,yushufang777.vn,yushufang777.vn
Xe Ä‘áº©y 3 tÆ° tháº¿,400000.0,kekdncnxjajwjdnfnck,kekdncnxjajwjdnfnck
Xe Ä‘áº©y 2 in 1,650000.0,ngoc_89.,ngoc_89.
"Xe Ä‘áº©y Ä‘i dáº¡o cao cáº¥p 2 chiá»u Baobaohao Only V1, V3 Plus",2355000.0,Äá»©c Äá»©c Shop,ductran008
Xe Ä‘áº©y Vovo 2 chiá»u,1530000.0,Sukem Shop - Äá»“ sÆ¡ sinh NOUS,0983586191sdt
Xe Ä‘áº©y Vovo 2 chiá»u 2019 Ä‘en,1872000.0,Shop Kid&Mom,camkoi92
Xe Ä‘áº©y em bÃ© Ä‘a nÄƒng BONBEBE BB-23,950000.0,ChÃ¡o Nháº­t Linh Hoa,chaonhatlinhhoa
Xe Ä‘áº©y Vovo 2 chiá»u phiÃªn báº£n 2019,1700000.0,Jolly Kids,huongnguyen224
Thanh lÃ½ xe Ä‘áº©y bÃ©,500000.0,Nhien_Nhien01,nhien_nhien01
(GiÃ¡ xÆ°á»Ÿng) XE Äáº¨Y DU LICH CHO BÃ‰ SMB139 - BH 6 ThÃ¡ng,850000.0,dragon_re_vo_dich,dragon_re_vo_dich
Xe Äáº©y Cao Cáº¥p Em BÃ© - Thiáº¿t Káº¿ Thá»i ThÆ°á»£ng - Äáº³ng Cáº¥p,4980000.0,Chilux Viá»‡t Nam,chiluxvietnam
Thanh lÃ½ xe Ä‘áº©y gáº¥p gá»n,900000.0,cuong.tn88,cuong.tn88
Xe Ä‘áº©y aprica,2200000.0,haminhanh,haminhanh
Xe Ä‘áº©y cao cáº¥p 4 bÃ¡nh V3,790000.0,minhhuyenshops,minhhuyenshops
Xe Ä‘áº©y beleco,1890000.0,Baohanshop12,baohanshop12
Xe Äáº©y Leo Cáº§u Thang Tiá»‡n Lá»£i Cháº¥t LÆ°á»£ng,369500.0,Laura9592,fyt6.sip.vn
1 BÃ¡nh Xe Äáº©y Em BÃ© Tiá»‡n Lá»£i,195000.0,bluebird,bluebird.vn
[SIÃŠU HOT] Xe Ä‘áº©y dáº¡o chÆ¡i cÃ³ nháº¡c - 65 x 60 x 49cm,334620.0,tadystore7,dulichkyviet8
Xe Ä‘áº©y cho bÃ©,400000.0,Gaube.910,gaube.910
Xe Äáº©y Mua Sáº¯m SiÃªu Nháº¹ Gáº¥p Gá»n Tiá»‡n Dá»¥ng,482800.0,gxgyzmgc.vn,gxgyzmgc.vn
Xe Ä‘áº©y cáº§u vá»“ng cho bÃ©,599000.0,trannamshop,trannamshop
[GIÃ Sáº¬P SÃ€N] Xe Äáº©y du lá»‹ch VOVO  2 Chiá»u 3 TÆ° Tháº¿  Máº«u Má»›i Nháº¥t 2019,1303200.0,Äá»“ ChÆ¡i MÃ´ HÃ¬nh BÃ© YÃªu,dochoimohinh
[ChuyÃªn sá»‰] Xe Äáº©y Tráº» Em Báº­p BÃªnh 2 Chiá»u Baobaohao C3,350000.0,Shop ChuyÃªn Sá»‰ 24h,chuyensi_24h
Xe Äáº©y 3 BÃ¡nh Gáº¥p Gá»n- XE Äáº¨Y SIÃŠU THá»Š - XE Äáº¨Y DU Lá»ŠCH bÃ¡nh phÃ¡t sÃ¡ng,265000.0,FKYFAN,fkyfan
"Xe Ä‘áº©y báº­p bÃªnh tráº» em 720W , 2 chiá»u 3 tÆ° tháº¿",1200000.0,mattroibecon_QNam,tinnguyen180693
Xe Ä‘áº©y mÃ¹a Ä‘Ã´ng 2 chiá»u,509000.0,ngocngo.05_05_1998,ngocngo.05_05_1998
Xe Ä‘áº©y Tobby Safari 2 chiá»u - Ä‘á»™ má»›i 95%,920000.0,tamtun06,tamtun06
Set 2 vá» bá»c váº£i cho tÃ¢y cáº§m Ä‘áº©y xe nÃ´i,74900.0,shwnee,shwnee.vn
Xe Ä‘áº©y Vovo 2 chiá»u,1700000.0,GÃ  Con baby shop,pep92
NÃ´i mÃ¢y chÃµng mÃ¢y cho bÃ© tá»« 0-12 cÃ³ bÃ¡nh xe Ä‘áº©y,495000.0,nghiaphuongshop,nghiaphuongshop
Xe Ä‘áº©y Ä‘Æ¡n,1350000.0,nguyenngocha59,nguyenngocha59
"Xe Äáº©y Em BÃ© CÃ´ng Nghá»‡ Nháº­t Báº£n SiÃªu Gá»n Nháº¹- Xe Äáº©y 2 TÆ° Tháº¿ Ngá»“i,Ngáº£-Xe NÃ´i Äáº©y BÃ© Thiáº¿t ThÃ´ng Minh",789000.0,happyshop_1990,happyshop_1990
"Xe NÃ´i Äáº©y Cho BÃ© CÃ´ng Nghá»‡ Nháº­t Báº£n, Thiáº¿t Káº¿ ThÃ´ng Minh [Hot Hot Hot]",849000.0,bachhoaonline24h.vn,bachhoaonline24h.vn
Xe Ä‘áº©y 5 bÃ¡nh cho bÃ©,150000.0,trang027,trang027
NÃ”I VÃ•NG ÄIá»†N 3 TRONG 1,1690000.0,bell2303,bell2303
"NÃ´i Ä‘iá»‡n cho bÃ©, SP cá»§a Cty Nhá»±a Chá»£ Lá»›n",1120000.0,Putin's shop,tranha2308
Xe Ä‘áº©y ELTZ,5037000.0,agabang.vn,agabangkoreavn
Xe Äáº©y Em BÃ©- Xe NÃ´i- Xe Äáº©y Nháº­t Báº£n- Xe Äáº©y CÅ©- Xe Äáº©y ÄÃ£ Qua Sá»­ Dá»¥ng,1600000.0,nguyenphuocanh424,nguyenphuocanh424
NÃ”I Tá»° Äá»˜NG CAO Cáº¤P ÄIá»€U KHIá»‚N Tá»ª XA MASTELA,1869000.0,OH BABY 2510,betrangiu222
VÃµng NÃ´i tá»± Ä‘á»™ng 2 in 1 Äáº¡i VÄ©,789000.0,nguyenhuyen_6890,nguyenhuyen_068
NÃ´i xÃ¡ch tay Ä‘a nÄƒng,385000.0,KOREA_WORLD,cuu_vi_ho
NÃ´i ngá»§ chung giÆ°á»ng Summer Infant,1799000.0,Baby Shop Abc123,abc123.vn
NÃ´i ngá»§ chung giÆ°á»ng Summer Má»¹,1259300.0,Zui Kids & Mom Shop,zui.boutiques
NÃ´i Rung CÃ³ Nháº¡c Cho BÃ© YÃªu,899000.0,royalshop ( dodunggiare),royalshop.com.vn
NÃ´i Ä‘iá»‡n tá»± Ä‘á»™ng 2 in 1 Äáº¡i VÄ© (Táº·ng mÃ n chá»‘ng muá»—i + vÃµng),605000.0,TitokidsMartket,tuanhdo123
GÆ°á»ng cÅ©i 2 táº§ng xáº¿p gá»n Ä‘Æ°á»£c (120x75x87cm) vá»«a lÃ m giÆ°á»ng vá»«a lÃ m cÅ©i táº·ng kÃ¨m giÆ°á»ng lÆ°á»›i.CÃ³ bÃ¡n kÃ¨m mÃ n náº¿u khÃ¡ch cáº§n,1020000.0,cuahanghoangnamdanang,cuahanghoangnam
NÃ´i tre oval size 90x60cm,135000.0,abcbabies - Ä‘á»“ sÆ¡ sinh,accbabys
"NÃ´i Em BÃ© Long HÆ°ng, NÃ´i Äiá»‡n Ru Tá»± Äá»™ng Cho BÃ© HÃ ng Nháº­p Kháº©u Cao Cáº¥p KÃ¨m Äiá»u Khiá»ƒn Tá»« Xa ( Táº·ng MÃ n Chá»‘ng Muá»—i )",1759500.0,hongdiep.aaf,hongdiep.aaf
GiÆ°á»ng NÃ´i CÅ©i Suri,2850000.0,trumcenter,trumcenter
Ráºº VÃ” Äá»ŠCH! NÃ´i cho bÃ© ^^ nÃ´i valdera,2300000.0,Shop chuyÃªn Ä‘á»“ dÃ¹ng máº¹ vÃ  bÃ©,kitngo9
"Treo xe Ä‘áº©y, nÃ´i giÆ°á»ng cÅ©i cho bÃ© hÃ¬nh con váº­t mamas& papas",100000.0,vanhung.tthv,vanhung.tthv
NÃ´i Ä‘iá»‡n VÃµng xáº¿p 2 Trong 1 Äáº¡i VÄ© (Táº·ng kÃ¨m vÃµng + mÃ n chá»‘ng muá»—i cho bÃ©),625000.0,MÃ n Khung- MÃ n Chá»¥p- VÃµng Xáº¿p,cherry_185
NÃ”I VÃ•NG ÄIá»†N SBABY 3 TRONG 1,1550000.0,Nháº­t TrÆ°á»ng Store,nhattruongstore
NÃ´i vÃµng tá»± Ä‘á»™ng cho bÃ© tá»«  0-5 tuá»•i - NV25 vá»«a lÃ m nÃ´i vá»«a lÃ m vÃµng,1170000.0,mebeonline.vn,mebeonline02
NÃ´i Ä‘iá»‡n tá»± Ä‘á»™ng cho bÃ©,650000.0,tuyenlam93,tuyenlam93
NÃ´i tre náº±m vÃµng,125000.0,hai.87_qn,hai.87_qn
NÃ”I Náº°M CHUNG GIÆ¯á»œNG,1699000.0,MONNIE KIDS - Äá»’ SÆ  SINH ,monniekids
Bá»™ nÃ´i cho bÃ© trai/gÃ¡i,650000.0,mewin89,mewin89
nÃ´i tre chá»¯ nháº­t size 95x60cm,155000.0,Hai Hip House - Ä‘á»“ sÆ¡ sinh,paulsontran
Xe cáº©u chÃ²i chÃ¢n cho bÃ© tá»« 1 Ä‘áº¿n 6 tuá»•i trá»ng táº£i tá»‘i Ä‘a 45kg,205000.0,shopchuyensi2018,emilynhan
XE Cáº¨U ÄIá»†N CHO BÃ‰ A105,439000.0,ctysonglong2018,ctysonglong2018
NÃ´i xÃ¡ch tay Belecoo,1150000.0,Táº¡p hoÃ¡ XiÇo Mi,hexiaomi
NÃ´i Valdera báº£n cao cáº¥p,3899000.0,Káº¹o Mart,keothom1992
NÃ´i tre kÃ¨m ná»‡m lÃ³t nhiá»u size,130000.0,noitrechobe,handuong0890
Thanh lÃ½ nÃ´i Autoru,400000.0,Tj.Shop,tj.boutique
"NÃ”I RUNG Tá»° Äá»˜NG, GHáº¾ RUNG CHO BÃ‰ KUB KÃˆM PHá»¤ KIá»†N",1459000.0,HanNhi_Store,hannhi_store
"NÃ´i giÆ°á»ng cho bÃ© siÃªu xinh vÃ  ngá»™ nghÄ©nh , Ä‘Æ°á»£c chá»n máº«u",734500.0,ChÄƒn Ga Háº¡ Vy,changahavy
xe Ä‘áº¥y siÃªu nháº¹ vibrant full phá»¥ kiá»‡n ( gá»“m xe + mÃ¡i che + cháº¯n trÆ°á»›c),630000.0,huongmydinh88,huongmydinh88
Combo NÃ´i Tre Gá»‘c Äáº·t VÃµng Size Äáº¡i KÃ¨m Ná»‡m LÃ³t NÃ´i Cho BÃ© TrÃªn 6 ThÃ¡ng,350000.0,misawatanabe,misawatanabe
NÃ´i rung tráº» em Mastela SG6033 Ä‘a nÄƒng - HÃ ng chÃ­nh hÃ£ng báº£o hÃ nh 1 nÄƒm,1359000.0,4BABIES DÃ€NH CHO BÃ‰ YÃŠU,mastelaofficialstore
NÃ´i sá»£i váº£i ngá»§ chung giÆ°á»ng,800000.0,872evj6z7m,me_ngau
NÃ´i rung Ä‘iá»‡n gáº¥p gá»n Kidi elite máº«u má»›i 2019. Gháº¿ rung cho bÃ©,1399000.0,â™¡Shop máº¹ SÃ³câ™¡ 0982.343.892,hoaitranlc92
NÃ”I Tá»° Äá»˜NG Äáº I VÄ¨+Táº¶NG VÃ•NG KÃˆM CHO BÃ‰,620000.0,Gia Dá»¥ng Tiá»‡n Ãch Tá»•ng Há»£p,tranduy2013
NÃ´i tre cho bÃ© loáº¡i 1  Ä‘á»§ 4 Size,115000.0,fvnstore.com,fvnstore
Combo NÃ´i tre 120x70 (kÃ¨m phá»¥ kiá»‡n),280000.0,NÃ”I TRE,vulien61
NÃ´i Ä‘Æ°a joie serina cho bÃ©,3000000.0,phuong_300695,phuong_300695
NÃ´i Ngá»§ Chung GiÆ°á»ng SWADDLEME,1457190.0,giaphubaby,giaphubaby
(ChÃ­nh hÃ£ng)NÃ´i ru ngá»§ thÆ° giÃ£n káº¿t há»£p káº¿ ngá»“i Ä‘á»c sÃ¡ch  cho bÃ© Mastela,1515000.0,Babyshop_2807,babyshop_2807
NÃ´i tráº» em XÃ¡ch Tay tiá»‡n dá»¥ng - Autoru,650000.0,Lamaland - Máº¹ vÃ  BÃ©,lamalandoffical
CÅ©i QuÃ¢y Nhá»±a cho BÃ© an toÃ n cho BÃ©.( Ä‘áº£m báº£o hÃ ng loáº¡i 1 khÃ´ng mÃ¹i khÃ´ng bay mÃ u) tráº£ hÃ ng Ä‘á»•i hÃ ng trong 30 ngÃ y.,1400000.0,nguyenhuuloi1192,nguyenhuuloi1192
NÃ”I NGá»¦ CHUNG GIÆ¯á»œNG IBABY,479000.0,sambabystore,sambabystore
"(thangheo94) NÃ´i váº£i cÃ´ng chÃºa hoÃ ng tá»­ bÃ©, hÃ ng Chuáº©n cao cáº¥p",875000.0,trinhthicuc96,trinhthicuc96
NÃ´i rung Ä‘iá»‡n tá»± Ä‘á»™ng cho BÃ© KUB - MÃ n hÃ¬nh Led cáº£m á»©ng 2020,1750000.0,Äá»“ chÆ¡i tráº» em My Sunshine,nguyenvietthinhgl
Gháº¿ Ä‘Æ°a nÃ´i xoay mÃ¡y ru Kub báº£n 2019 mÃ n hÃ¬nh LED cáº£m á»©ng má»›i nháº¥t,1824000.0,Bingbingstore,bingbingstore
NÃ´i ru ráº£nh tay,1100000.0,bongbongbangbangshop,bongbongbangbangshop
NÃ´i tre náº±m vÃµng cho bÃ©,140000.0,tuban_chobe1617,tuban_chobe1617
NÃ´i tá»± Ä‘á»™ng Autoru [eco85],1140000.0,mevabenganha,thanhhoadl81
"NÃ´i GÃ¢Ìp NguÌ‰ Chung GiÆ°Æ¡Ì€ng iBaBy CÃ³ Nháº¡c Du Ngá»§ Cho BeÌ Xuáº¥t Xá»© Nháº­p Báº£n - 4 Lá»›p Cotton ÃŠm ThoÃ¡ng - Dá»… Sá»­ Dá»¥ng, Cáº¥t Dá»n",489000.0,vbabistore,vbabistore
NÃ´i tre náº±m vong cho bÃ©,130000.0,anhlinhnhat,anhlinhnhat
NÃ´i tre hun khÃ³i hÆ¡ dáº±m size 3(90.63)kÃ¨m ná»‡m lÃ³t vietkid,260000.0,Tá»”NG KHO SÆ  SINH,bichsen1994
CÅ©i gá»— tá»± nhiÃªn 2 táº§ng cÃ³ bÃ¡nh xe 60x1m.,1550000.0,thoc_house,thoc_house
NÃ´i CÅ©i ÄÆ°a Ru ngá»§ tá»± Ä‘á»™ng cÃ³ chá»©c nÄƒng phÃ¡t nháº¡c,1895000.0,violetshop1688,violetshop1688
Bá»˜ GIÆ¯á»œNG NÃ”I CHO BÃ‰,450000.0,lacsory,lacsory
Xe nhá»±a Chá»£ Lá»›n ( cho bÃ© 2-4 tuá»•i),290000.0,huyenanh620088,huyenanh620088
NÃ´i tre 120x70 Ä‘Ã£ hÆ¡ sáº¡ch dáº±m,280000.0,ngohoang60,ngohoang60
Sale nÃ´i cÅ©i tráº» em,1500000.0,noithatnamlinh2211,noithatnamlinh2211
"NÃ”I, GIÆ¯á»œNG,CÅ¨I Gá»– ÄA NÄ‚NG JM528 CHO BÃ‰ - LOáº I 2 Táº¦NG.",2550000.0,dothinh2509,dothinh2509
NÃ´i cÅ©i cho bÃ© 120 cm x 70 cm,900000.0,Peppa peppa,gaubaoanh17
NÃ´i cÅ©i HÆ°ng Long (thanh lÃ½),1200000.0,Finger store ,binhboong21021991
"NÃ´i CÅ©i gá»—, giÆ°á»ng cÅ©i cho bÃ© 2 táº§ng [ SY88 ]",1873865.0,Yáº¿n shop 80,dothiyen80
NÃ´i cÅ©i tráº» em,280000.0,tranganhstore,tranganhstore
NÃ´i cÅ©i tráº» em Ä‘áº¹p - ná»™i tháº¥t tráº» sÆ¡ sinh,2500000.0,Ná»™i tháº¥t ViethomeDecor.vn,davithao
QUÃ‚Y BÃ“NG,280000.0,tridung2017,tridung2017
NÃ´i cÅ©i gáº¥p gá»n graco,1050000.0,Kobiz shop,lananhnt8508
NÃ´i cÅ©i cao cáº¥p,1590000.0,thietbidonoithat,thietbidonoithat
NÃ´i cÅ©i Ä‘iá»‡n,800000.0,nhungbongwilli,nhungbongwilli
QuÃ¢y bÃ³ng khung cá»©ng cháº¯c cháº¯n,430000.0,Kho buÃ´n mÃ£o lá»™c,maoloc
NÃ´i CÅ©i Gá»— - GiÆ°á»ng Gá»— Cho BÃ©,1500000.0,BIMBIM TOYS,numberonetoy
NÃ´i cÅ©i tráº» em,1400000.0,npthao0504,npthao0504
Thanh lÃ½ nÃ´i cÅ©i,5500000.0,Sophie House 2019,jennyp.13
Set nÃ´i cÅ©i 3in1,1500000.0,nghiemdan1218,nghiemdan1218
Gháº¿ Äƒn dáº·m,1000000.0,mechip92,mechip92
Set 2 cÃ¡i má»‘c Ä‘á»“ cÃ³ thá»ƒ quay 360 Ä‘á»™.,37637.0,eucalytus.vn,eucalytus.vn
MÃ n tá»± bung cho bÃ© Happy cho bÃ© (KhÃ´ng cÃ³ nháº¡c),150000.0,mua lá»u cÃ´ng chÃºa hoÃ ng tá»­,khangtran31
Äá»‡m ngá»“i cho bÃ©,66960.0,juststee.vn,juststee.vn
QuÃ¢y Holla máº«u má»›i 2020 cho bÃ© ( 1m86x2m16 MÃ u cam nháº¡t),2390000.0,Bonbonkids.vn - 0907213666,bonbonkids.vn
Set 3 mÃ³n: QuÃ¢y+ ga+chÄƒn hÃ ng Nháº­p kháº©u giÃ¡ 835.000 VNÄ,835000.0,Giuongcui2kids,giuongcui2kids
anhnn17,944000.0,trantrang4989,trantrang4989
ÄÆ¡n thien di,2000000.0,dangquynhnha,dangquynhnha
NÃ´i cÅ©i em bÃ©,800000.0,Nguyenthimaixinh1986,nguyenthimaixinh1986
QuÃ¢y nhá»±a 1m5*1m9 (14 táº¥m nhá»+2 táº¥m to ) táº·ng tháº£m+bÃ³ng+rá»• bÃ³ng,1330000.0,tuyenmun..,tuyenmun..
Äá»‹u ngá»“i newtas,220000.0,gauconyncd,gauconyncd
Combo quÃ¢y,450000.0,gaibacninh,gaibacninh
Mai lan Rung Äiá»‡n Tá»± Äá»™ng Cho BÃ© - KUB,1500000.0,chauhuynh677,chauhuynh677
Gháº¿ rung - sáº¥y philip - dÃ¢y phÆ¡i - dÃ¢y táº­p,700000.0,kimkimhd9x,kimkimhd9x
[QL] Bá»™ quÃ¢y nhá»±a nguyÃªn sinh Ä‘Ã i loan táº·ng tháº£m vÃ  bÃ³ng,1350000.0,trangtyt12,trangtyt12
Táº¥m Che Náº¯ng Chá»‘ng GiÃ³ Cho Xe Äiá»‡n,259700.0,Only love life,l6n5.sip.vn
Body c thanhthuy nguyen,400000.0,Shop si máº¹ Bi,nttt2004109
Táº¥m Che Náº¯ng Chá»‘ng GiÃ³ Cho Xe Äiá»‡n,252400.0,Doraemonâ€™s Nobita,vlmx.sip.vn
Thanh chá»¯ X,17000.0,Lifmod-VÃ²i xá»‹t vá»‡ sinh Bidet,lifmod
Baohaobao v5,980000.0,daubapducvy,daubapducvy
Body em bÃ© minh thÃ¹y,210000.0,tranquynhkt,tranquynhkt
"(Táº¶NG THáº¢M, BÃ“NG, Rá»” Äá»°NG BÃ“NG) quÃ¢y cÅ©i nhá»±a an toÃ n cho bÃ©",1100000.0,anglebaby7777,anglebaby7777
Combo Ä‘á»“ cho bÃ© (250),150000.0,letuyetsao,letuyetsao
Bá»“n Tiá»ƒu Äá»©ng Gáº¯n TÆ°á»ng Cho BÃ© Trai,80000.0,happylifes.vn,happylifes.vn
Bá»™ bÃºp bÃª em bÃ© ngá»“i xe Ä‘áº©y xinh xáº¯n cho bÃ© yÃªu,93215.0,mÃ¡y rá»­a báº£ng máº¯t báº£ng pháº¥n máº¯t,neweer.vn
Gháº¿ sofa há»— trá»£ cÃ¡c bÃ© táº­p ngá»“i cháº¥t liá»‡u an toÃ n khÃ´ng Ä‘á»™c háº¡i hÃ¬nh Ä‘Ã´i cÃ¡nh dá»… thÆ°Æ¡ng dÃ nh cho cÃ¡c bÃ©,206000.0,finifly.vn,finifly.vn
á»¶hfjfhgjfjghhghhhhh ggyf tghhh. Tá»·uyffghfddfdffgffffffffffffffffffffffffffffffffff fffffffffffffffffffffffffffffffffffff,2900000.0,thuithuithuithuithuithui,thuithuithuithuithuithui
Xe Ä‘áº©y bÃ© - mb58,700000.0,Gia Dá»¥ng ATZ,giadungatz
Xe Ä‘áº©y siÃªu thá»‹,75000.0,HÃ€NG KHUYáº¾N MÃƒI GIÃ BÃˆO,hangkhuyenmaigiabeo
"Xe Ä‘áº©y cho bÃ© HUAYING ,Xe Ä‘áº©y em bÃ© 2 chiá»u 3 tÆ° tháº¿ mÃ u Ä‘á»,mÃ u xanh,mÃ u kaki,mÃ u há»“ng-XDHY001",1259000.0,PHá»¤ KIá»†N XE HÆ I HÃ€ Ná»˜I,t_mart1103
Xe Ä‘áº©y du lá»‹ch Vibrant-MODER Má»šI-FULL PHá»¤ KIá»†N-Táº¶NG THÃŠM TÃšI Äá»°NG Äá»’,595000.0,Xe Ä‘áº©y Ä‘á»‹u em bÃ© Linh Chi,huonghvtc1006
Äá»‹u em bÃ© cÃ²mlybaby tá»« 2 thÃ¡ng sáº£n pháº©m thanh lÃ½,200000.0,000tai,000tai
"Xe Äáº©y Khung NhÃ´m HÃ ng Nháº­p Kháº©u - 2 Chiá»u ,3 TÆ° Tháº¿,BÃ¡nh Cao Su ÄÃºc",1690000.0,Giaykids.vn - GiÃ y tráº» em,tranmanhthai21
Tay vá»‹n xe Ä‘áº©y cho tráº» em YOYOYUYU,182000.0,fashionstreet.vn,fashionstreet.vn
XE Äáº¨Y 5 BÃNH KIá»‚U Má»šI - XE CAO HÆ N BÃNH XE PHÃT SÃNG CÃ“ GIá»I SIÃŠU HOT CHO BÃ‰ - GIáº¢M Sá»C DUY NHáº¤T 1 NGÃ€Y,285000.0,Tá»”NG KHO GIA Dá»¤NG - TUáº¤N MINH,giadungtuanminh
XE Äáº¨Y BAOHAOHAO C3 MÃ€U TÃM Há»’NG Äáº¨Y 2 CHIá»€U 3 TÆ¯ THáº¾ Vá»ªA LÃ€ XE Äáº¨Y Vá»ªA LÃ€ Báº¬P BÃŠNH CHO BÃ‰,1500000.0,MÃ´ng xinh cÃ ng xinh,mongxinhcangxinh
Táº¥m Che Náº¯ng ChuyÃªn Dá»¥ng Cho Xe MÃ¡y Äiá»‡n,223300.0,q1263568873.vn,q1263568873.vn
Xe Ä‘áº©y 5 bÃ¡nh gáº¥p gá»n,289000.0,Äá»’ CHÆ I ME á»C,dochoimeoc
[Háº£i DÆ°Æ¡ng] Xe Ä‘áº©y Ä‘Ã´i Baobaohao 703A cao cáº¥p cho tráº» song sinh,1590000.0,Baby Phá»‘ ÄÃ´ Sá»‰ Ä‘á»“ Máº¸ & BÃ‰,sieuthicuabeyeu
Bá»™ 2 táº¥m bá»c tay cáº§m xe Ä‘áº©y em bÃ© tiá»‡n dá»¥ng,58000.0,See COCO,secretlove.vn
nÃ´i vÃµng Ä‘áº¡i vÄ© 1 táº§ng ( táº·ng kÃ¨m 1 vÃµng cho bÃ©),615000.0,shopchuyensi_xedep,shopchuyensi_xedep
Xe Ä‘áº©y thanh lÃ½,1000000.0,g25122017,g25122017
MÃ³c káº¹p xe Ä‘áº©y,10000.0,bichvanthinguyen,bichvanthinguyen
Xe Ä‘áº©y cho bÃ© Ä‘a nÄƒng,738000.0,Noon store,hoadalat09
XE Äáº P- XE Äáº¨Y ÄA CHá»¨C NÄ‚NG UMOO CÃ“ MÃI CHE,1980000.0,Baby Báº¯p ,nguyenngocthuy116
Thanh lÃ½ xe Ä‘áº©y Ä‘Ã´i aprica,4500000.0,Tinh Nghá»‡ Hoa Náº¯ng,hoahoethoa
xe Ä‘Ã¢Ì‰y seebaby t11 2 chiÃªÌ€u 3 tÆ° tháº¿-thanh lÃ½ mÆ¡Ìi >90%,850000.0,lelanhdth,lelanhdth
"Xe NÃ´i Äáº©y Em BÃ© CÃ´ng Nghá»‡ Nháº­t Báº£n SiÃªu Gá»n Nháº¹. Äiá»u chá»‰nh cÃ¡cTÆ° Tháº¿ Ngá»“i,Ngáº£",829000.0,CÃI GÃŒ CÅ¨NG CÃ“- CÃI GÃŒ CÅ¨NG Ráºº,thinh1961nd
Xe Ä‘áº©y Ä‘Ã´i cho bÃ©( cÃ³ thá»ƒ gáº¥p gá»n dc)hÃ ng chÃ­nh hÃ£ng Bluel baby sáºµn hÃ ng,1950000.0,Bibo-shop ( zalo: 0902179514),buithanhhoabibo
Thanh lÃ½ xe Ä‘áº©y Melody mom,1600000.0,MOMKEMDUY,myphamthanhtrangphuongle
Xe Ä‘áº©y 2 chiá»u V3-baobaohao chÃ­nh hÃ£ng (táº·ng kÃ¨m Ä‘á»‡m ngá»“i),890000.0,Baby.titi,baby.liti
xe Ä‘áº©y an toÃ n 3 bÃ¡nh,340000.0,gauximoi,gauximoi
XE Äáº P - XE Äáº¨Y UMOO ÄA CHá»¨C NÄ‚NG,1090000.0,Shop dÃ nh cho bÃ©,shop_danh_cho_be.01
Xe Äáº©y Tráº» Em 2 Chiá»u SiÃªu Nháº¹ ğŸš› [FreeShip] ğŸš›Xe Äáº©y Tráº» Em 2 Chiá»u Gáº¥p Gá»n SiÃªu Nháº¹ 2019,250000.0,BABYBIN STORE,babybinshop
xe Ä‘áº©y baby smile,530000.0,thuymui1991,thuymui1991
"NÃ”I TRE HUN KHÃ“I,NÃ”I Äáº¶T VÃ•NG CHá»NG CONG LÆ¯NG",40000.0,Máº¸ VÃ€ BÃ‰ - Cáº¦N LÃ€ CÃ“ -,bevame79
NÃ´i cÅ©i di Ä‘á»™ng gáº¥p gá»n cho bÃ© (kÃ¨m mÃ n & thÃº treo),300000.0,Tiny Planet,tinyplanetvietnam
Thanh lÃ½ xe Ä‘áº©y,1000000.0,nhatnam1507,nhatnam1507
"NÃ´i ÄÆ°a Tá»± Äá»™ng, NÃ´i Em BÃ©, Gháº¿ Náº±m Size Vá»«a - MÃ u Be (Nguá»“n Cáº¯m USB)",1040000.0,shopbechoi,shopbechoi
Äá»‡m ngá»“i chá»‘ng tháº¥m mÃ u sáº¯c cáº§u vá»“ng dÃ nh cho xe Ä‘áº©y em bÃ©,29000.0,ebayst.vn,ebayst.vn
"NÃ´i tre chá»‘ng cong lÆ°ng cho bÃ©. 100% tá»« tre tá»± nhiÃªn, an toÃ n cho bÃ©.",90000.0,Sin Smart - Quáº§n Bá» Bá»‰m,sinsmartelectric
nÃ´i tre náº±m vÃµng cho bÃ© táº·ng vÃ²ng dÃ¢u táº±m cho b,98000.0,ngá»§ cá»‘c min min ,sieuthigiare442015
"Xe Ä‘áº©y tráº» em, xe Ä‘áº©y 2 chiá»u 3 tÆ° tháº¿ chÃ­nh hÃ£ng",690000.0,shophoamattroi123,shophoamattroi123
NÃ´i Ngá»§ Gáº¥p Gá»n Chung GiÆ°á»ng Cho BÃ© - GiÆ°á»ng Di Äá»™ng Cho BÃ© SÆ¡ Sinh,289000.0,Shop 360 online,ductrungsmarthome
[HÃ€NG CHUáº¨N] NÃ”I NGá»¦ CHUNG GIÆ¯á»œNG CHO BÃ‰ Gáº¤P Gá»ŒN- 45x95x30cm nhiá»u mÃ u - Tiá»‡n Lá»£i,299000.0,TIEN ICH 24H,trangtrungchom
GiÆ°á»ng nÃ´i di Ä‘á»™ng gáº¥p gá»n tiá»‡n lá»£i cho bÃ©,120000.0,Háº¢I ANH STORE,minh.minh.hang
NÃ”I CÅ¨I Váº¢I HUGME,2200000.0,babymall39,babymall39
"[HÃ ng sáºµn, Free HN] NÃ´i cÅ©i gáº¥p gá»n Hugme",1990000.0,bttam,bttam
Xe Ä‘áº©y 3 bÃ¡nh gáº¥p gá»n,240000.0,Monshopee,monshopee
Xe Ä‘áº©y aprica,4000000.0,emmiuham,emmiuham
Xe Ä‘áº©y thÃ´ng minh 5 bÃ¡nh,350000.0,"Muá»‘i Shop ""Láº» báº±ng sá»‰""",thudoanmuoi
Xe Ä‘áº©y du lá»‹ch 2 tÆ° tháº¿,400000.0,baotrang2014,baotrang2014
Xe Ä‘Ã¢Ì‰y 2 chiÃªÌ€u 3 tÆ° thÃªÌ nhÃ£n hiá»‡u LITTLE RABIT BABY STROLLR,1400000.0,Liá»…u Phá»‰ ThÃºy,lieuphithuy89
MÃ¡i che chá»‘ng mÆ°a náº¯ng tiá»‡n dá»¥ng cho xe Ä‘áº©y em bÃ©,89100.0,bestservicefyou.vn,bestservicefyou.vn
Xe Ä‘áº©y 2chiá»u cho bÃ© iu giam 50%,500000.0,thaophamgatay,thaophamgatay
"Xe Ä‘áº©y du lá»‹ch siÃªu nháº¹ kinlee MÃ u xanh, há»“ng, vÃ ng",600000.0,MART24.VN,tongducthuan
Xe Ä‘áº©y 3 bÃ¡nh cÃ³ mÃ¡i che hÃ ng Ä‘áº¹p,1198000.0,mecubon0411,mecubon0411
Xe Ä‘áº©y V1 gáº¥p gá»n,850000.0,ngocanhnguyen_nna_cosmetic,ngocanhnguyen_nna_cosmetic
Xe Ä‘áº©y blechihold,1100000.0,soc_shop1406,soc_shop1406
Xe Ä‘áº©y 3 bÃ¡nh 2 in1 cÃ³ mÃ¡i che gáº¥p gá»n cho bÃ©,585000.0,sunghuong888,sunghuong888
Xe Ä‘áº©y Ä‘áº£o chiá»u cao cáº¥p,890000.0,kimtuyen910,kimtuyen910
Xe Äáº©y SiÃªu Nháº¹ Gáº¥p Gá»n Tiá»‡n Dá»¥ng,525700.0,xjm003.vn,xjm003.vn
XE Äáº¨Y 3 BÃNH Gáº¤P Gá»ŒN CHO BÃ‰ YÃŠU (Sá»ˆ Sáº¬P SÃ€N),220500.0,MUA Ráºº HÆ N NHIá»€U,caothithao11
"[Nháº­p Kháº©u]Xe Ä‘áº©y tráº» em, xe Ä‘áº©y 3 bÃ¡nh cho em bÃ© cÃ³ mÃ¡i tre,tay Ä‘áº©y,bÃ n Ä‘áº¡p giÃºp bÃ© táº­p Ä‘i,háº¡n cháº¿ náº¯ng mÆ°a-MÃ£ 200",200000.0,KidPlaza.vn - XE TRáºº EM,kidplaza.vn
Xe Ä‘áº©y em bÃ© 2 chiá»u,700000.0,thaosu2000,thaosu2000
Xe Ä‘áº©y gáº¥p gá»n 2 chiá»u 3 tÆ° tháº¿ cho bÃ© tá»« 3-36 thÃ¡ng,1510000.0,Mi Xu (Baby),mixu942
[1 XUáº¤T] XE Äáº¨Y CAO Cáº¤P AP115 MÃ€U Äá» CHO BÃ‰,7900.0,Sá»‰ Gia Dá»¥ng Phá»¥ Kiá»‡n,giaysinhviengiare
[ Ráºº NHáº¤T SHOPEE ] Xe Ä‘áº©y du lá»‹ch BAobaohao 2 chiá»u,759000.0,SiÃªu thá»‹ cho bÃ© 2,sieuthichobevp2
Vovo Xe Ä‘áº©y gáº¥p gá»n Tp.HCM,1399000.0,Tram7491,tram7491
XE Äáº¨Y 3 BÃNH CHO BÃ‰,540000.0,Kho GÃ­a Ráº» _VÃ¢n KhÃ¡nh,vanvoveovo10890
Xe Äáº©y Cao Cáº¥p Vinng,1600000.0,Chezi bebÃ©,aurora.cosmetic
Xe Äáº©y Mua Sáº¯m SiÃªu Nháº¹ CÃ³ Thá»ƒ Gáº¥p Gá»n Tiá»‡n Lá»£i,711200.0,SZSJ Home & Living,szsjxfgjs.vn
Xe Ä‘áº©y Infantasy ( combi ná»™i Ä‘á»‹a Nháº­t),2700000.0,thaopham21041989,thaopham21041989
Combi Mechacal Handy S â€“ Xe Ä‘áº©y chá»‘ng gÃ¹ tháº¿ há»‡ má»›i,8160500.0,SiÃªu thá»‹ máº¹ vÃ  bÃ© BABYMOMMY,tiendung9981
Thanh lÃ½ xe Ä‘áº©y cho bÃ© loáº¡i lá»›n má»›i 95%,1500000.0,adornmenty89,adornmenty89
"Xe Ä‘áº©y 2 chiá»u 3 tÆ° tháº¿ gif 518-2 lÆ°á»›i siÃªu thoÃ¡ng mÃ¡t cho cÃ¡c bÃ© ngÃ y hÃ¨, mÃ u xanh dÆ°Æ¡ng, má»›i 90 pháº§n trÄƒm Ä‘Ã£ qua sá»­ dá»¥",500000.0,thanhloan.291094,thanhloan.291094
Xe Ä‘áº©y Gift 518 xanh Ä‘áº­m má»›i 100% thanh lÃ½,550000.0,TÃºi quáº£ng chÃ¢u 37,thelittlemermaid0307
"Xe Ä‘áº©y em bÃ© blb 0-36 thÃ¡ng tuá»•i 1 chiá»u, 3 tÆ° tháº¿ - mÃ u Ä‘á» Ä‘Ã´, cÃ³ thá»ƒ gáº¥p gá»n",570000.0,INOX NGá»ŒC PHÃš,namvietinox
Xe Äáº©y  MÃ¢y gáº¥p CÃ³ Giáº£m SÃ³c-Phanh ChÃ¢n -Báº£o Hiá»ƒm - Vá»‹t KÃªu,299000.0,shop_me_be_nhim,shop_me_be_nhim
Xe Ä‘áº©y Belecoo 2020,2000000.0,doquynhnhu110,doquynhnhu110
KhÄƒn TrÃ¹m Xe Äáº©y Em BÃ© Äa NÄƒng Tiá»‡n Dá»¥ng,152600.0,Mytic Kid's Fashion,didongb3_14.vn
"Xe Ä‘áº©y Ä‘i bá»™ 2 chiá»u V1 , V3 cho bÃ©",720000.0,Quáº§n Ã¡o tráº» em vÃ  Äá»“ sÆ¡ sinh,tongkhobanbuonxk
[Ráº» VÃ´ Äá»‹ch] Xe Ä‘áº©y Cao cáº¥p 2 chiá»u 3 tÆ° tháº¿ (CÃ³ nháº¡c + báº£o hiá»ƒm + phanh chÃ¢n + giá» Ä‘á»ƒ Ä‘á»“),339500.0,shopluandung,shopluandung
"Xe Ä‘áº©y 5 bÃ¡nh gáº¥p gá»n , bÃ¡nh xe phÃ¡t sÃ¡ng",299000.0,ngoclilly128,ngoclilly128
Xe Ä‘áº©y 5 bÃ¡nh gáº­p gá»n cho bÃ©,310000.0,Shop Äá»“ Gia Dá»¥ng HoÃ ng Anh,hoang_0376280264
Thanh lÃ­ xe Ä‘áº©y xá»‹n sÃ² cho bÃ©,1200000.0,suni2010,suni2010
"XE Äáº¨Y EM BÃ‰ 2 chiá»u 3 tÆ° tháº¿, dÃ nh cho bÃ© tá»« sÆ¡ sinh Ä‘áº¿n 36 thÃ¡ng tuá»•i",1890000.0,An Thá»‹nh 89,anthinh89
"Xe Ä‘áº©y Seebaby Q4 , cÃ³ báº­p bÃªnh, 3 tÆ° tháº¿",998000.0,bipbo_smart_phodo68,bipbo_smart_phodo68
XE Äáº¨Y VOVO 2 chiá»u phiÃªn báº£n 2019-2020,1650000.0,dieulinh_1809,dieulinh_1809
Xe Ä‘áº©y 4 bÃ¡nh gáº¥p gá»n( loáº¡i Ä‘áº¹p ),500000.0,huyenthuong123456,huyenthuong123456
XE Äáº¨Y 3 BÃNH ÄI SIÃŠU THá»Š A 43,199000.0,SHOP Äá»’ Äáº¸P GIÃ Sá»ˆ,giaydepxinhqc
BÃ¡n nhanh 1 chiáº¿c Xe Ä‘áº©y tráº» em Hiá»‡u See Baby,699000.0,river2017,river2017
Xe Ä‘áº©y du lá»‹ch Nháº­t gáº¥p gá»n nhÆ° cÃ¢y dÃ¹,600000.0,xedayembenhatban,xedayembenhatban
Xe Äáº©y SiÃªu Gá»n Nháº¹ 4.9Kg,1009000.0,#SHOPMESHIN,dushiyuan_94
Xe Ä‘áº©y 2 chiá»u siÃªu nháº¹ Premium hiá»‡u Mastela [T05S],1759200.0,Máº¹ vÃ  bÃ© giÃ¡ sá»‰,babyangel123
XE Äáº¨Y 1 CHIá»€U Gáº¤P Gá»ŒN VOVO TRAVEL - CHÃNH HÃƒNG Báº£o hÃ nh 12 thÃ¡ng,1320000.0,dodungmevabe1,dodungmevabe1
Táº¥m TrÃ¹m Xe Äáº©y Em BÃ© Chá»‘ng MÆ°a GiÃ³ Tiá»‡n Dá»¥ng,155300.0,skyjjn.vn,skyjjn.vn
XE NÃ”I Äáº¨Y 2 CHIá»€U 3 TÆ¯ THáº¾,630000.0,hanhut89,hanhut89
Xe nÃ´i Ä‘áº©y tráº» em Baobaohao 722C,488000.0,yang69,yang69
Xe Ä‘áº©y 3 bÃ¡nh gáº¥p gá»n,405000.0,nonbaohiemgiasi98,nonbaohiemgiasi98
XE Äáº¨Y    ÄA NÄ‚NG,400000.0,Miu shop,bich_doan.168
Xe nÃ´i xe Ä‘áº©y tráº» em,600000.0,thanhhuongmc92,thanhhuongmc92
Bá»™ quÃ¢y mÃ¢y ngÃ´i sao,750000.0,MeSocKem - QuÃ¢y cÅ©i thiáº¿t káº¿,mesockem
Xe Ä‘áº©y nÃ´i cao cáº¥p 2 chiá»u cÃ³ giáº£m sÃ³c cho bÃ© ( thanh lÃ½ má»›i 98%),1400000.0,bunvabin,bunvabin
Xe nÃ´i xe Ä‘áº©y em bÃ© báº£n cao cáº¥p Wisesonle 9916 siÃªu nháº¹ giáº£m sÃ³c 0-3 tuá»•i  -AL,999000.0,Mega Baby,mega_baby
Xe Ä‘áº©y cho bÃ© yÃªu hÃ ng loáº¡i 1,659000.0,bimbim09092018,bimbim09092018
"Xe NÃ´i Äáº©y Em BÃ© Hai Chiá»u - Cao Cáº¥p, Tiá»‡n Lá»£i, Dá»… DÃ ng Gáº¥p Gá»n",839000.0,h2k.store,h2k.store
Äá»‡m ngá»“i Ä‘á»ƒ xe Ä‘áº©y tráº» em,44000.0,FAITOLAGI,hui_xin.vn
Xe Ä‘áº©y 3 bÃ¡nh hÃ ng cao cáº¥p cÃ³ mÃ¡i che,475000.0,shopnhasaudau,shopnhasaudau
"xe Ä‘áº©y an toÃ n hÆ¡n, yÃªn xe cá»±c tháº¥p vÃ  cÃ³ vÃ²ng báº£o vá»‡ nÃªn khÃ´ng lo bÃ© bá»‹ ngÃ£
Tay cÃ³ thá»ƒ nÃ¢ng háº¡ linh hoáº¡t giÃºp ba máº¹ lÃ¡i",380000.0,nguyenthimai2018,nguyenthimai2018
XE ÄÃ‚Ì‰Y 5 BAÌNH GÃ‚ÌP GOÌ£N THÃ”NG MINH DÃ€NH CHO BÃ‰ ğŸ€ .,280000.0,KHO BUÃ”N Sá»ˆ GIÃ Ráºº,khobuonsigiare
"Xe Ä‘áº©y gáº¥p gá»n , du lá»‹ch 1 chiá»u 3 tÆ° tháº¿ cho bÃ©",715000.0,Tiá»‡m Heo Con,linhlinhh2110
XE Äáº¨Y ÄÃ”I SEEBABY T22,1990000.0,Chá»‹ Thá» Tráº¯ng,hanhi2411
Xe Äáº©y du lá»‹ch VOVO  2 Chiá»u 3 TÆ° Tháº¿  Máº«u Má»›i Nháº¥t 2019,1610000.0,Babyhop,babyhopstore
[GIADINHHAOHAO SALE] Xe Ä‘áº©y du lá»‹ch siÃªu nháº¹ COSCO Ocean Blue,490000.0,giadinhhaohao24h,giadinhhaohao24h
Xe Ä‘áº©y siÃªu nháº¹ siÃªu gá»n,1250000.0,shopmegau0604,shopmegau0604
Xe Ä‘áº©y VOVO TRAVELING 2018 chÃ­nh hÃ£ng (vovo travel 2018).:,2600000.0,Cmbear Shop,khoanq.ikids
xe Ä‘áº©y tráº» em Malus HÃ n Quá»‘c,550000.0,keobong1308,keobong1308
XE Äáº¨Y DU Lá»ŠCH SEEBABY QQ2,650000.0,Tuoithoshop.com,mother_baby
Ná»‘i dÃ i xe Ä‘áº©y vovo,265000.0,Äá»‹u em bÃ© chÃ­nh hÃ£ng,lananhle1908
â€¼ï¸â€¼ï¸â€¼ï¸ XE Äáº¨Y 3 BÃNH THÃ”NG MINH Gáº¤P Gá»ŒN CHO BÃ‰,220000.0,MÃ¨oMoon Shop _ Khosá»‰áº»Ä‘á»“giadá»¥ng,takimphuong0606
XE Äáº¨Y NHIá»€U TÆ¯ THáº¾ CHO BÃ‰ YÃŠU _ KB1618,530000.0,vuxuanmai_hd,vuxuanmai_hd
Xe Ä‘áº©y 1 chiá»u 3 tÆ° tháº¿ máº«u má»›i,329000.0,suushoptnn,suushoptnn
XE Äáº¨Y Gáº¤P Gá»ŒN SIÃŠU NHáº¸ CHO BÃ‰,480000.0,Min Ti Shop,bullthinh2014
Xe Ä‘áº©y vovo ( hÃ ng cÃ³ sáºµn),1340000.0,Shop Máº¹ TÃ¡o Order China,jackbosss
Xe Ä‘áº©y BAOBAOHAO V5 gáº¥p gá»n xoay chiá»u cÃ³ mÃ¡i che,985000.0,BABYMART86,babymart86
Phá»¥ kiá»‡n Xe Ä‘áº©y gáº¥p gá»n cho bÃ© sáºµn hÃ ng,225000.0,shop máº¹ vÃ  bÃ© Tomkids,nguyenthuthao90
Xe Äáº©y Tráº» Em Äi Du Lá»‹ch ThoÃ¡ng MÃ¡t Cho BÃ© CÃ³ 5 BÃ¡nh CÃ³ Giá» Äá»ƒ Äá»“ MBPHUNG34,275000.0,Shop ThÃ nh Nam,muahangtaikho
Xe Ä‘áº©y 711 baobaohao,427500.0,shopbanbuonbanlo88,shopbanbuonbanlo88
Xe Ä‘áº©y VOVO 2 chiá»u 3 tÆ° tháº¿ ( Máº«u má»›i ),1550000.0,khoaitayshop18,khoaitayshop18
Xe Ä‘áº©y 2 chiá»u 3 tÆ° tháº¿ QD 109 ( HÃ ng chuáº©n loáº¡i 1 ),700000.0,Shopmamakids,hangnuocduc
[SIÃŠU PHáº¨M SANG CHáº¢NH] NÃ´i cÅ©i chung giÆ°á»ng cÃ³ thá»ƒ gáº¥p gá»n HUGME,2046000.0,Táº P HÃ“A GIA ÄÃŒNH ONLINE,tap_hoa_gia_dinh_online
[CHÃNH HÃƒNG][Táº¶NG KÃˆM CHÄ‚N LÆ¯á»šI COMFY] NÃ´i tá»± Ä‘á»™ng cao cáº¥p Mastela SG239,1870000.0,Yunie BaBy,chi.thuy1011
Xe Ä‘áº©y 3 bÃ¡nh mÃ¡i che hoáº·c lÃ m xe Ä‘áº¡p cho bÃ©,425000.0,thegioixe_chobe,thegioixechobe
Äá»‡m ngá»“i xe Ä‘áº©y tráº» em,45000.0,Báº£o Hoang,baohoangphan
Xe Ä‘áº©y 2 chiá»u 3 tÆ° tháº¿ cÃ³ nháº¡c cho bÃ©p,630000.0,Kho buÃ´n Ä‘á»“i chÆ¡i tráº» em,ducphuc2k18
NÃ´i Ä‘iá»‡n Cao cáº¥p ECO18 - Autoru (NÃ´i cho bÃ© tá»± Ä‘á»™ng),950000.0,Äá»“ gia dá»¥ng LBong,lamnq92
(Ráºº VÃ” Äá»ŠCH) CÅ¨I CHO BÃ‰ NHáº¬P KHáº¨U HÃ€N QUá»C - KIDS HOLLYWOOD (áº¢nh tháº­t),1449000.0,URBAN KIDS,baby.face
Xe Ä‘áº©y 5 bÃ¡nh gáº¥p gá»n ThÃ´ng minh,269000.0,phamvanchinh87,phamvanchinh87
"XE Äáº¨Y CHO BÃ‰ CAO Cáº¤P Gáº¤P Gá»ŒN ( táº·ng mÃ n chá»‘ng muá»—i, Ä‘á»‡m vÃ  chá»— Ä‘á»ƒ bÃ¬nh sá»¯a )",849000.0,Giay nu,giay_nu
"Xe Ä‘áº©y 2 chiá»u 3 tÆ° tháº¿ Hawei, táº·ng kÃ¨m khay Äƒn,..",690000.0,Shop Bi & MoChi,shopbimochi
Thanh cháº¯n giÆ°á»ng an toÃ n cho bÃ©,255000.0,saturday194,saturday194
NÃ´i Rung Tá»± Äá»™ng Cho BÃ© - MÃ n HÃ¬nh LED cáº£m á»©ng - KUB,1749000.0,Chubbi Baby,nhp2988
XE Äáº¨Y DU Lá»ŠCH Gáº¤P Gá»ŒN,349000.0,Dailyxeday,dailyxeday
